station,date,daily_mean
Alphington,2024-01-01,9.12
Alphington,2024-01-02,9.99
Alphington,2024-01-03,8.15
Alphington,2024-01-04,6.82
Alphington,2024-01-05,6.22
Alphington,2024-01-06,5.38
Alphington,2024-01-07,4.67
Alphington,2024-01-08,3.28
Alphington,2024-01-09,8.0
Alphington,2024-01-10,8.59
Alphington,2024-01-11,4.91
Alphington,2024-01-12,9.44
Alphington,2024-01-13,9.74
Alphington,2024-01-14,7.58
Alphington,2024-01-15,4.65
Alphington,2024-01-16,4.16
Alphington,2024-01-17,3.52
Alphington,2024-01-18,4.12
Alphington,2024-01-19,4.97
Alphington,2024-01-20,4.96
Alphington,2024-01-21,5.65
Alphington,2024-01-22,3.44
Alphington,2024-01-23,4.94
Alphington,2024-01-24,7.15
Alphington,2024-01-25,7.54
Alphington,2024-01-26,4.54
Alphington,2024-01-27,6.5
Alphington,2024-01-28,4.27
Alphington,2024-01-29,5.22
Alphington,2024-01-30,6.44
Alphington,2024-01-31,5.27
Alphington,2024-02-01,6.27
Alphington,2024-02-02,7.98
Alphington,2024-02-03,8.9
Alphington,2024-02-04,8.44
Alphington,2024-02-05,5.95
Alphington,2024-02-06,3.32
Alphington,2024-02-07,3.23
Alphington,2024-02-08,6.44
Alphington,2024-02-09,5.05
Alphington,2024-02-10,10.38
Alphington,2024-02-11,6.4
Alphington,2024-02-12,10.06
Alphington,2024-02-13,9.21
Alphington,2024-02-14,6.09
Alphington,2024-02-15,4.84
Alphington,2024-02-16,7.49
Alphington,2024-02-17,8.47
Alphington,2024-02-18,2.18
Alphington,2024-02-19,3.31
Alphington,2024-02-20,7.88
Alphington,2024-02-21,6.66
Alphington,2024-02-22,6.24
Alphington,2024-02-23,8.26
Alphington,2024-02-24,11.44
Alphington,2024-02-25,11.62
Alphington,2024-02-26,5.42
Alphington,2024-02-27,10.51
Alphington,2024-02-28,10.13
Alphington,2024-02-29,8.35
Alphington,2024-03-01,6.35
Alphington,2024-03-02,6.44
Alphington,2024-03-03,8.17
Alphington,2024-03-04,8.89
Alphington,2024-03-05,8.25
Alphington,2024-03-06,9.01
Alphington,2024-03-07,7.17
Alphington,2024-03-08,13.91
Alphington,2024-03-09,12.04
Alphington,2024-03-10,6.3
Alphington,2024-03-11,8.92
Alphington,2024-03-12,8.08
Alphington,2024-03-13,8.08
Alphington,2024-03-14,7.6
Alphington,2024-03-15,5.3
Alphington,2024-03-16,5.45
Alphington,2024-03-17,13.2
Alphington,2024-03-18,11.53
Alphington,2024-03-19,9.89
Alphington,2024-03-20,3.45
Alphington,2024-03-21,4.13
Alphington,2024-03-22,5.95
Alphington,2024-03-23,5.07
Alphington,2024-03-24,5.11
Alphington,2024-03-25,4.1
Alphington,2024-03-26,5.35
Alphington,2024-03-27,4.6
Alphington,2024-03-28,3.67
Alphington,2024-03-29,16.45
Alphington,2024-03-30,27.67
Alphington,2024-03-31,31.6
Alphington,2024-04-01,19.51
Alphington,2024-04-02,1.98
Alphington,2024-04-03,3.67
Alphington,2024-04-04,3.79
Alphington,2024-04-05,6.31
Alphington,2024-04-06,5.34
Alphington,2024-04-07,4.02
Alphington,2024-04-08,3.54
Alphington,2024-04-09,3.28
Alphington,2024-04-10,3.47
Alphington,2024-04-11,3.18
Alphington,2024-04-12,4.48
Alphington,2024-04-13,3.75
Alphington,2024-04-14,9.87
Alphington,2024-04-15,8.48
Alphington,2024-04-16,5.63
Alphington,2024-04-17,4.89
Alphington,2024-04-18,3.39
Alphington,2024-04-19,4.14
Alphington,2024-04-20,7.33
Alphington,2024-04-21,13.97
Alphington,2024-04-22,21.44
Alphington,2024-04-23,19.98
Alphington,2024-04-24,4.05
Alphington,2024-04-25,2.89
Alphington,2024-04-26,4.11
Alphington,2024-04-27,8.4
Alphington,2024-04-28,16.62
Alphington,2024-04-29,10.47
Alphington,2024-04-30,3.78
Alphington,2024-05-01,7.11
Alphington,2024-05-02,13.48
Alphington,2024-05-03,21.12
Alphington,2024-05-04,25.99
Alphington,2024-05-05,20.84
Alphington,2024-05-06,6.1
Alphington,2024-05-07,14.04
Alphington,2024-05-08,23.81
Alphington,2024-05-09,29.45
Alphington,2024-05-10,15.15
Alphington,2024-05-11,11.9
Alphington,2024-05-12,15.19
Alphington,2024-05-13,11.92
Alphington,2024-05-14,6.43
Alphington,2024-05-15,11.0
Alphington,2024-05-16,11.54
Alphington,2024-05-17,8.66
Alphington,2024-05-18,12.14
Alphington,2024-05-19,13.01
Alphington,2024-05-20,3.82
Alphington,2024-05-21,7.46
Alphington,2024-05-22,11.71
Alphington,2024-05-23,14.8
Alphington,2024-05-24,14.71
Alphington,2024-05-25,19.37
Alphington,2024-05-26,22.76
Alphington,2024-05-27,16.11
Alphington,2024-05-28,10.09
Alphington,2024-05-31,6.35
Alphington,2024-06-01,9.42
Alphington,2024-06-02,9.49
Alphington,2024-06-03,4.69
Alphington,2024-06-04,6.69
Alphington,2024-06-05,12.25
Alphington,2024-06-06,10.3
Alphington,2024-06-07,3.83
Alphington,2024-06-08,9.44
Alphington,2024-06-09,7.41
Alphington,2024-06-10,7.3
Alphington,2024-06-11,3.45
Alphington,2024-06-12,4.24
Alphington,2024-06-13,8.42
Alphington,2024-06-14,17.46
Alphington,2024-06-15,19.27
Alphington,2024-06-16,12.15
Alphington,2024-06-17,6.88
Alphington,2024-06-18,13.47
Alphington,2024-06-19,14.32
Alphington,2024-06-20,10.77
Alphington,2024-06-21,15.08
Alphington,2024-06-22,12.39
Alphington,2024-06-23,15.42
Alphington,2024-06-24,9.49
Alphington,2024-06-25,3.48
Alphington,2024-06-26,3.04
Alphington,2024-06-27,4.06
Alphington,2024-06-28,3.39
Alphington,2024-06-29,3.96
Alphington,2024-06-30,5.36
Alphington,2024-07-01,8.91
Alphington,2024-07-02,9.68
Alphington,2024-07-03,20.73
Alphington,2024-07-04,28.92
Alphington,2024-07-05,17.78
Alphington,2024-07-06,15.99
Alphington,2024-07-07,13.83
Alphington,2024-07-08,7.53
Alphington,2024-07-09,6.21
Alphington,2024-07-10,2.88
Alphington,2024-07-11,3.52
Alphington,2024-07-12,7.92
Alphington,2024-07-13,7.95
Alphington,2024-07-14,3.6
Alphington,2024-07-15,3.72
Alphington,2024-07-16,5.6
Alphington,2024-07-17,6.03
Alphington,2024-07-18,5.55
Alphington,2024-07-19,2.32
Alphington,2024-07-20,3.19
Alphington,2024-07-21,5.59
Alphington,2024-07-22,5.08
Alphington,2024-07-23,3.17
Alphington,2024-07-24,3.96
Alphington,2024-07-25,3.02
Alphington,2024-07-26,2.32
Alphington,2024-07-27,5.82
Alphington,2024-07-28,3.23
Alphington,2024-07-29,6.37
Alphington,2024-07-30,9.33
Alphington,2024-07-31,27.43
Alphington,2024-08-01,16.2
Alphington,2024-08-02,7.7
Alphington,2024-08-03,8.87
Alphington,2024-08-04,22.21
Alphington,2024-08-05,14.28
Alphington,2024-08-06,6.0
Alphington,2024-08-07,5.89
Alphington,2024-08-08,4.41
Alphington,2024-08-09,6.58
Alphington,2024-08-10,11.4
Alphington,2024-08-11,16.13
Alphington,2024-08-12,10.4
Alphington,2024-08-13,8.12
Alphington,2024-08-14,5.75
Alphington,2024-08-15,6.39
Alphington,2024-08-16,3.89
Alphington,2024-08-17,3.51
Alphington,2024-08-18,7.51
Alphington,2024-08-19,10.82
Alphington,2024-08-20,4.76
Alphington,2024-08-21,3.68
Alphington,2024-08-22,4.79
Alphington,2024-08-23,4.05
Alphington,2024-08-24,4.78
Alphington,2024-08-25,5.01
Alphington,2024-08-26,3.73
Alphington,2024-08-27,3.5
Alphington,2024-08-28,4.83
Alphington,2024-08-29,9.24
Alphington,2024-08-30,6.05
Alphington,2024-08-31,5.01
Alphington,2024-09-01,4.44
Alphington,2024-09-02,4.11
Alphington,2024-09-03,10.72
Alphington,2024-09-04,7.3
Alphington,2024-09-05,6.16
Alphington,2024-09-06,7.57
Alphington,2024-09-07,4.61
Alphington,2024-09-08,3.46
Alphington,2024-09-09,3.14
Alphington,2024-09-10,4.59
Alphington,2024-09-11,7.28
Alphington,2024-09-12,5.34
Alphington,2024-09-13,3.31
Alphington,2024-09-14,3.78
Alphington,2024-09-15,4.27
Alphington,2024-09-16,4.07
Alphington,2024-09-17,4.9
Alphington,2024-09-18,4.89
Alphington,2024-09-19,2.78
Alphington,2024-09-20,4.81
Alphington,2024-09-21,3.47
Alphington,2024-09-22,3.22
Alphington,2024-09-23,3.38
Alphington,2024-09-24,7.96
Alphington,2024-09-25,7.08
Alphington,2024-09-26,5.43
Alphington,2024-09-27,8.62
Alphington,2024-09-28,7.52
Alphington,2024-09-29,4.1
Alphington,2024-09-30,7.79
Alphington,2024-10-01,6.38
Alphington,2024-10-02,9.58
Alphington,2024-10-03,9.4
Alphington,2024-10-04,5.98
Alphington,2024-10-05,4.86
Alphington,2024-10-06,4.6
Alphington,2024-10-07,5.31
Alphington,2024-10-08,2.52
Alphington,2024-10-09,5.9
Alphington,2024-10-10,5.88
Alphington,2024-10-11,6.88
Alphington,2024-10-12,9.28
Alphington,2024-10-13,8.2
Alphington,2024-10-14,6.73
Alphington,2024-10-15,5.91
Alphington,2024-10-16,5.35
Alphington,2024-10-17,5.17
Alphington,2024-10-18,3.67
Alphington,2024-10-19,3.45
Alphington,2024-10-20,3.69
Alphington,2024-10-21,9.66
Alphington,2024-10-22,7.9
Alphington,2024-10-23,7.79
Alphington,2024-10-24,4.98
Alphington,2024-10-25,3.83
Alphington,2024-10-26,4.88
Alphington,2024-10-27,10.04
Alphington,2024-10-28,7.13
Alphington,2024-10-29,7.13
Alphington,2024-10-30,4.59
Alphington,2024-10-31,3.57
Alphington,2024-11-01,3.36
Alphington,2024-11-02,5.99
Alphington,2024-11-03,7.06
Alphington,2024-11-04,6.77
Alphington,2024-11-05,7.18
Alphington,2024-11-06,13.35
Alphington,2024-11-07,7.23
Alphington,2024-11-08,4.52
Alphington,2024-11-09,8.15
Alphington,2024-11-10,8.76
Alphington,2024-11-11,6.22
Alphington,2024-11-12,10.16
Alphington,2024-11-13,8.11
Alphington,2024-11-14,6.26
Alphington,2024-11-15,5.38
Alphington,2024-11-16,8.79
Alphington,2024-11-17,11.52
Alphington,2024-11-18,5.84
Alphington,2024-11-19,4.52
Alphington,2024-11-20,4.06
Alphington,2024-11-21,11.2
Alphington,2024-11-22,10.16
Alphington,2024-11-23,6.39
Box Hill,2024-01-01,8.95
Box Hill,2024-01-02,8.11
Box Hill,2024-01-03,7.06
Box Hill,2024-01-04,6.89
Box Hill,2024-01-05,4.17
Box Hill,2024-01-06,4.44
Box Hill,2024-01-07,4.89
Box Hill,2024-01-08,2.23
Box Hill,2024-01-09,4.84
Box Hill,2024-01-10,6.42
Box Hill,2024-01-11,4.29
Box Hill,2024-01-12,7.66
Box Hill,2024-01-13,8.77
Box Hill,2024-01-14,6.39
Box Hill,2024-01-15,3.93
Box Hill,2024-01-16,2.86
Box Hill,2024-01-17,3.49
Box Hill,2024-01-18,4.01
Box Hill,2024-01-19,3.51
Box Hill,2024-01-20,3.32
Box Hill,2024-01-21,6.19
Box Hill,2024-01-22,2.6
Box Hill,2024-01-23,3.88
Box Hill,2024-03-28,2.75
Box Hill,2024-03-29,14.73
Box Hill,2024-03-30,25.05
Box Hill,2024-03-31,18.44
Box Hill,2024-04-01,13.04
Box Hill,2024-04-02,2.47
Box Hill,2024-04-03,3.75
Box Hill,2024-04-04,4.06
Box Hill,2024-04-05,5.99
Box Hill,2024-04-06,3.52
Box Hill,2024-04-07,2.78
Box Hill,2024-04-08,2.38
Box Hill,2024-04-09,1.65
Box Hill,2024-04-10,2.03
Box Hill,2024-04-11,1.72
Box Hill,2024-04-12,2.41
Box Hill,2024-04-13,3.45
Box Hill,2024-04-14,6.31
Box Hill,2024-04-15,7.04
Box Hill,2024-04-16,4.52
Box Hill,2024-04-17,4.38
Box Hill,2024-04-18,2.98
Box Hill,2024-04-19,3.06
Box Hill,2024-04-20,3.28
Box Hill,2024-04-21,9.57
Box Hill,2024-04-22,19.9
Box Hill,2024-04-23,15.19
Box Hill,2024-04-24,3.45
Box Hill,2024-04-25,3.99
Box Hill,2024-04-26,3.84
Box Hill,2024-04-27,4.32
Box Hill,2024-04-28,12.16
Box Hill,2024-04-29,6.12
Box Hill,2024-04-30,2.95
Box Hill,2024-05-01,5.9
Box Hill,2024-05-02,8.83
Box Hill,2024-05-03,11.74
Box Hill,2024-05-04,17.96
Box Hill,2024-05-05,17.14
Box Hill,2024-05-06,5.12
Box Hill,2024-05-07,10.54
Box Hill,2024-05-08,18.08
Box Hill,2024-05-09,25.39
Box Hill,2024-05-10,11.51
Box Hill,2024-05-11,5.81
Box Hill,2024-05-12,10.55
Box Hill,2024-05-13,9.77
Box Hill,2024-05-14,5.53
Box Hill,2024-05-15,8.26
Box Hill,2024-05-16,9.56
Box Hill,2024-05-17,7.37
Box Hill,2024-05-18,8.16
Box Hill,2024-05-19,9.15
Box Hill,2024-05-20,2.77
Box Hill,2024-05-21,5.83
Box Hill,2024-05-22,9.27
Box Hill,2024-05-23,9.26
Box Hill,2024-05-24,10.39
Box Hill,2024-05-25,15.37
Box Hill,2024-05-26,15.48
Box Hill,2024-05-27,9.16
Box Hill,2024-05-28,6.95
Box Hill,2024-05-29,7.45
Box Hill,2024-05-30,4.75
Box Hill,2024-05-31,4.8
Box Hill,2024-06-01,5.57
Box Hill,2024-06-02,5.88
Box Hill,2024-06-03,3.57
Box Hill,2024-06-04,5.32
Box Hill,2024-06-05,7.8
Box Hill,2024-06-06,6.84
Box Hill,2024-06-07,3.45
Box Hill,2024-06-08,7.39
Box Hill,2024-06-09,7.97
Box Hill,2024-06-10,5.37
Box Hill,2024-06-11,2.91
Box Hill,2024-06-12,5.44
Box Hill,2024-06-13,6.77
Box Hill,2024-06-14,14.26
Box Hill,2024-06-15,12.82
Box Hill,2024-06-16,7.85
Box Hill,2024-06-17,6.19
Box Hill,2024-06-18,9.8
Box Hill,2024-06-19,10.95
Box Hill,2024-06-20,7.26
Box Hill,2024-06-21,10.93
Box Hill,2024-06-22,9.91
Box Hill,2024-06-23,10.47
Box Hill,2024-06-24,5.5
Box Hill,2024-06-25,2.86
Box Hill,2024-06-26,2.47
Box Hill,2024-06-27,3.74
Box Hill,2024-06-28,2.17
Box Hill,2024-06-29,3.66
Box Hill,2024-06-30,6.28
Box Hill,2024-07-01,6.86
Box Hill,2024-07-02,6.52
Box Hill,2024-07-03,12.04
Box Hill,2024-07-04,20.49
Box Hill,2024-07-05,13.9
Box Hill,2024-07-06,13.35
Box Hill,2024-07-07,12.53
Box Hill,2024-07-08,4.74
Box Hill,2024-07-09,5.02
Box Hill,2024-07-10,3.47
Box Hill,2024-07-11,2.58
Box Hill,2024-07-12,4.43
Box Hill,2024-07-13,5.38
Box Hill,2024-07-14,4.36
Box Hill,2024-07-15,2.79
Box Hill,2024-07-16,4.57
Box Hill,2024-07-17,7.07
Box Hill,2024-07-18,3.6
Box Hill,2024-07-19,2.13
Box Hill,2024-07-20,2.9
Box Hill,2024-07-21,5.35
Box Hill,2024-07-22,4.87
Box Hill,2024-07-23,3.44
Box Hill,2024-07-24,2.8
Box Hill,2024-07-25,3.16
Box Hill,2024-07-26,3.36
Box Hill,2024-07-27,2.91
Box Hill,2024-07-28,3.9
Box Hill,2024-07-29,5.09
Box Hill,2024-07-30,7.12
Box Hill,2024-07-31,21.25
Box Hill,2024-08-01,13.49
Box Hill,2024-08-02,5.27
Box Hill,2024-08-03,8.22
Box Hill,2024-08-04,15.43
Box Hill,2024-08-05,9.04
Box Hill,2024-08-06,5.21
Box Hill,2024-08-07,3.57
Box Hill,2024-08-08,2.27
Box Hill,2024-08-09,4.17
Box Hill,2024-08-10,8.3
Box Hill,2024-08-11,12.23
Box Hill,2024-08-12,8.24
Box Hill,2024-08-13,6.37
Box Hill,2024-08-14,3.68
Box Hill,2024-08-15,4.24
Box Hill,2024-08-16,3.19
Box Hill,2024-08-17,2.79
Box Hill,2024-08-18,5.05
Box Hill,2024-08-19,6.43
Box Hill,2024-08-20,2.99
Box Hill,2024-08-21,3.9
Box Hill,2024-08-22,4.11
Box Hill,2024-08-23,2.81
Box Hill,2024-08-24,3.96
Box Hill,2024-08-25,4.11
Box Hill,2024-08-26,3.05
Box Hill,2024-08-27,2.93
Box Hill,2024-08-28,5.27
Box Hill,2024-08-29,9.14
Box Hill,2024-08-30,5.35
Box Hill,2024-08-31,4.1
Box Hill,2024-09-04,4.14
Box Hill,2024-09-05,4.57
Box Hill,2024-09-06,5.68
Box Hill,2024-09-07,5.08
Box Hill,2024-09-08,3.33
Box Hill,2024-09-09,3.51
Box Hill,2024-09-10,6.45
Box Hill,2024-09-14,4.05
Box Hill,2024-09-15,4.46
Box Hill,2024-09-16,3.21
Box Hill,2024-09-17,4.1
Box Hill,2024-09-18,4.34
Box Hill,2024-09-19,1.53
Box Hill,2024-09-24,5.8
Box Hill,2024-09-25,7.05
Box Hill,2024-09-26,6.73
Box Hill,2024-09-27,7.17
Box Hill,2024-09-28,7.08
Box Hill,2024-09-29,2.64
Box Hill,2024-10-04,5.46
Box Hill,2024-10-05,4.36
Box Hill,2024-10-06,5.88
Box Hill,2024-10-07,4.69
Box Hill,2024-10-12,8.66
Box Hill,2024-10-13,6.47
Box Hill,2024-10-14,5.79
Box Hill,2024-10-15,4.29
Box Hill,2024-10-16,4.74
Box Hill,2024-10-17,4.03
Box Hill,2024-10-18,3.07
Box Hill,2024-10-19,3.41
Box Hill,2024-10-20,4.01
Box Hill,2024-10-21,5.93
Box Hill,2024-10-22,7.96
Box Hill,2024-10-23,7.69
Box Hill,2024-10-24,5.83
Box Hill,2024-10-25,3.6
Box Hill,2024-10-26,4.12
Box Hill,2024-10-27,3.69
Box Hill,2024-10-28,6.77
Box Hill,2024-10-29,6.3
Box Hill,2024-10-30,2.17
Box Hill,2024-11-01,5.03
Box Hill,2024-11-02,3.82
Box Hill,2024-11-03,5.39
Box Hill,2024-11-04,6.16
Box Hill,2024-11-05,5.07
Box Hill,2024-11-06,5.08
Box Hill,2024-11-07,5.13
Box Hill,2024-11-08,4.19
Box Hill,2024-11-09,5.63
Box Hill,2024-11-10,5.32
Box Hill,2024-11-11,4.34
Box Hill,2024-11-12,7.37
Box Hill,2024-11-13,7.29
Box Hill,2024-11-14,4.85
Box Hill,2024-11-15,5.51
Box Hill,2024-11-16,5.81
Box Hill,2024-11-17,12.51
Box Hill,2024-11-18,4.65
Box Hill,2024-11-19,4.14
Box Hill,2024-11-20,4.05
Box Hill,2024-11-21,7.16
Box Hill,2024-11-22,8.26
Box Hill,2024-11-23,6.82
Box Hill,2024-11-24,5.49
Box Hill,2024-11-25,12.4
Box Hill,2024-11-26,11.35
Box Hill,2024-11-27,4.07
Box Hill,2024-11-28,6.16
Box Hill,2024-11-29,3.19
Box Hill,2024-11-30,2.6
Box Hill,2024-12-01,2.57
Box Hill,2024-12-02,2.88
Box Hill,2024-12-03,5.36
Box Hill,2024-12-04,6.45
Box Hill,2024-12-05,5.9
Box Hill,2024-12-06,5.79
Box Hill,2024-12-07,5.2
Box Hill,2024-12-08,4.93
Box Hill,2024-12-09,5.36
Box Hill,2024-12-10,4.39
Box Hill,2024-12-11,3.78
Box Hill,2024-12-12,3.9
Box Hill,2024-12-13,2.8
Box Hill,2024-12-14,4.67
Box Hill,2024-12-15,7.59
Box Hill,2024-12-16,8.34
Box Hill,2024-12-17,7.51
Box Hill,2024-12-18,6.96
Box Hill,2024-12-19,6.15
Box Hill,2024-12-20,7.79
Box Hill,2024-12-21,5.95
Box Hill,2024-12-22,5.08
Box Hill,2024-12-23,3.71
Box Hill,2024-12-24,4.78
Box Hill,2024-12-25,4.23
Box Hill,2024-12-26,5.35
Box Hill,2024-12-27,5.7
Box Hill,2024-12-28,4.02
Box Hill,2024-12-29,3.79
Box Hill,2024-12-30,3.86
Box Hill,2024-12-31,3.53
Brighton,2024-01-01,9.28
Brighton,2024-01-02,9.3
Brighton,2024-01-03,8.92
Brighton,2024-01-04,7.34
Brighton,2024-01-05,6.57
Brighton,2024-01-06,6.28
Brighton,2024-01-07,6.14
Brighton,2024-01-08,4.65
Brighton,2024-01-09,6.62
Brighton,2024-01-10,8.98
Brighton,2024-01-11,4.34
Brighton,2024-01-12,10.7
Brighton,2024-01-13,9.58
Brighton,2024-01-14,7.3
Brighton,2024-01-15,6.11
Brighton,2024-01-16,4.42
Brighton,2024-01-17,4.52
Brighton,2024-01-18,5.72
Brighton,2024-01-19,5.79
Brighton,2024-01-20,5.2
Brighton,2024-01-21,6.68
Brighton,2024-01-22,3.78
Brighton,2024-01-23,7.18
Brighton,2024-01-24,8.21
Brighton,2024-01-25,7.53
Brighton,2024-01-26,7.07
Brighton,2024-01-27,5.39
Brighton,2024-01-28,5.11
Brighton,2024-01-29,7.07
Brighton,2024-01-30,6.08
Brighton,2024-01-31,4.94
Brighton,2024-02-01,6.62
Brighton,2024-02-02,8.66
Brighton,2024-02-03,9.54
Brighton,2024-02-04,7.88
Brighton,2024-02-05,5.98
Brighton,2024-02-06,3.32
Brighton,2024-02-07,5.31
Brighton,2024-02-08,5.79
Brighton,2024-02-09,4.99
Brighton,2024-02-10,10.97
Brighton,2024-02-11,7.47
Brighton,2024-02-12,11.13
Brighton,2024-02-13,9.82
Brighton,2024-02-14,5.25
Brighton,2024-02-15,5.47
Brighton,2024-02-16,6.77
Brighton,2024-02-17,9.1
Brighton,2024-02-18,2.98
Brighton,2024-02-19,3.41
Brighton,2024-02-20,8.78
Brighton,2024-02-21,7.68
Brighton,2024-02-22,7.02
Brighton,2024-02-23,9.48
Brighton,2024-02-24,9.64
Brighton,2024-02-25,13.52
Brighton,2024-02-26,6.23
Brighton,2024-02-27,9.39
Brighton,2024-02-28,12.54
Brighton,2024-02-29,10.11
Brighton,2024-03-01,6.69
Brighton,2024-03-02,6.48
Brighton,2024-03-03,8.61
Brighton,2024-03-04,9.04
Brighton,2024-03-05,8.76
Brighton,2024-03-06,10.54
Brighton,2024-03-07,6.62
Brighton,2024-03-08,13.79
Brighton,2024-03-09,13.32
Brighton,2024-03-10,7.47
Brighton,2024-03-11,8.59
Brighton,2024-03-12,8.33
Brighton,2024-03-13,9.2
Brighton,2024-03-14,7.14
Brighton,2024-03-15,5.89
Brighton,2024-03-16,6.35
Brighton,2024-03-17,13.02
Brighton,2024-03-18,11.96
Brighton,2024-03-19,6.94
Brighton,2024-03-20,3.45
Brighton,2024-03-21,4.91
Brighton,2024-03-22,6.38
Brighton,2024-03-23,6.04
Brighton,2024-03-24,4.86
Brighton,2024-03-25,3.83
Brighton,2024-03-26,5.15
Brighton,2024-03-27,3.57
Brighton,2024-03-28,3.48
Brighton,2024-03-29,21.69
Brighton,2024-03-30,27.05
Brighton,2024-03-31,33.24
Brighton,2024-04-01,17.3
Brighton,2024-04-03,6.8
Brighton,2024-04-04,5.69
Brighton,2024-04-05,6.84
Brighton,2024-04-06,4.13
Brighton,2024-04-07,5.16
Brighton,2024-04-08,3.72
Brighton,2024-04-09,3.3
Brighton,2024-04-10,2.86
Brighton,2024-04-11,2.46
Brighton,2024-04-12,2.2
Brighton,2024-04-13,4.22
Brighton,2024-04-14,8.44
Brighton,2024-04-15,7.77
Brighton,2024-04-16,3.9
Brighton,2024-04-17,4.35
Brighton,2024-04-18,2.74
Brighton,2024-04-19,3.43
Brighton,2024-04-20,7.34
Brighton,2024-04-21,10.06
Brighton,2024-04-22,19.53
Brighton,2024-04-23,18.87
Brighton,2024-04-24,3.41
Brighton,2024-04-25,2.91
Brighton,2024-04-26,3.78
Brighton,2024-04-27,6.01
Brighton,2024-04-28,13.98
Brighton,2024-04-29,7.05
Brighton,2024-04-30,3.92
Brighton,2024-05-01,6.03
Brighton,2024-05-02,10.98
Brighton,2024-05-03,14.48
Brighton,2024-05-04,20.48
Brighton,2024-05-05,17.64
Brighton,2024-05-06,5.65
Brighton,2024-05-07,13.18
Brighton,2024-05-08,20.97
Brighton,2024-05-09,27.43
Brighton,2024-05-10,13.73
Brighton,2024-05-11,3.33
Brighton,2024-05-12,13.43
Brighton,2024-05-13,13.1
Brighton,2024-05-14,7.19
Brighton,2024-05-15,12.68
Brighton,2024-05-16,13.88
Brighton,2024-05-17,9.67
Brighton,2024-05-18,9.61
Brighton,2024-05-19,5.03
Brighton,2024-05-20,2.03
Brighton,2024-05-21,6.0
Brighton,2024-05-22,9.75
Brighton,2024-05-23,8.83
Brighton,2024-05-24,11.8
Brighton,2024-05-25,22.11
Brighton,2024-05-26,28.0
Brighton,2024-05-27,13.34
Brighton,2024-05-28,7.8
Brighton,2024-05-29,10.81
Brighton,2024-05-30,6.4
Brighton,2024-05-31,4.72
Brighton,2024-06-01,6.26
Brighton,2024-06-02,6.08
Brighton,2024-06-03,3.68
Brighton,2024-06-04,5.81
Brighton,2024-06-05,6.51
Brighton,2024-06-06,8.6
Brighton,2024-06-07,4.08
Brighton,2024-06-08,5.59
Brighton,2024-06-09,4.22
Brighton,2024-06-10,6.51
Brighton,2024-06-11,4.71
Brighton,2024-06-12,5.48
Brighton,2024-06-13,6.79
Brighton,2024-06-14,16.77
Brighton,2024-06-15,5.63
Brighton,2024-06-16,7.27
Brighton,2024-06-17,6.67
Brighton,2024-06-18,10.23
Brighton,2024-06-19,12.96
Brighton,2024-06-20,9.43
Brighton,2024-06-21,13.57
Brighton,2024-06-22,7.53
Brighton,2024-06-23,11.97
Brighton,2024-06-24,7.55
Brighton,2024-06-25,3.17
Brighton,2024-06-26,3.09
Brighton,2024-06-27,6.01
Brighton,2024-06-28,4.31
Brighton,2024-06-29,3.5
Brighton,2024-06-30,6.07
Brighton,2024-07-01,6.11
Brighton,2024-07-02,10.82
Brighton,2024-07-03,17.76
Brighton,2024-07-04,13.63
Brighton,2024-07-05,12.29
Brighton,2024-07-06,18.2
Brighton,2024-07-07,16.94
Brighton,2024-07-08,9.98
Brighton,2024-07-09,5.64
Brighton,2024-07-10,5.47
Brighton,2024-07-11,3.77
Brighton,2024-07-12,8.18
Brighton,2024-07-13,6.12
Brighton,2024-07-14,3.24
Brighton,2024-07-15,4.41
Brighton,2024-07-16,6.49
Brighton,2024-07-17,5.95
Brighton,2024-07-18,5.48
Brighton,2024-07-19,3.45
Brighton,2024-07-20,5.07
Brighton,2024-07-21,7.02
Brighton,2024-07-22,6.63
Brighton,2024-07-23,4.55
Brighton,2024-07-24,3.84
Brighton,2024-07-25,4.07
Brighton,2024-07-26,5.38
Brighton,2024-07-27,4.21
Brighton,2024-07-28,5.31
Brighton,2024-07-29,5.69
Brighton,2024-07-30,9.41
Brighton,2024-07-31,27.94
Brighton,2024-08-01,20.62
Brighton,2024-08-02,7.69
Brighton,2024-08-03,15.36
Brighton,2024-08-04,21.69
Brighton,2024-08-05,13.26
Brighton,2024-08-06,6.81
Brighton,2024-08-07,6.91
Brighton,2024-08-08,4.73
Brighton,2024-08-09,7.84
Brighton,2024-08-10,12.13
Brighton,2024-08-11,14.84
Brighton,2024-08-12,11.21
Brighton,2024-08-13,9.7
Brighton,2024-08-14,5.69
Brighton,2024-08-15,2.76
Brighton,2024-08-16,1.86
Brighton,2024-08-19,7.31
Brighton,2024-08-20,4.78
Brighton,2024-08-21,4.06
Brighton,2024-08-22,5.09
Brighton,2024-08-23,5.54
Brighton,2024-08-24,6.5
Brighton,2024-08-25,6.0
Brighton,2024-08-26,4.7
Brighton,2024-08-27,5.08
Brighton,2024-08-28,8.14
Brighton,2024-08-29,10.52
Brighton,2024-08-30,8.62
Brighton,2024-08-31,6.19
Brighton,2024-09-01,6.19
Brighton,2024-09-02,8.18
Brighton,2024-09-03,12.74
Brighton,2024-09-04,9.09
Brighton,2024-09-05,6.89
Brighton,2024-09-06,7.36
Brighton,2024-09-07,5.23
Brighton,2024-09-08,4.55
Brighton,2024-09-09,4.66
Brighton,2024-09-10,6.61
Brighton,2024-09-11,8.53
Brighton,2024-09-12,6.75
Brighton,2024-09-13,5.05
Brighton,2024-09-14,5.17
Brighton,2024-09-15,4.28
Brighton,2024-09-16,5.44
Brighton,2024-09-17,5.95
Brighton,2024-09-18,7.04
Brighton,2024-09-19,3.66
Brighton,2024-09-20,6.58
Brighton,2024-09-21,6.05
Brighton,2024-09-22,4.49
Brighton,2024-09-23,4.45
Brighton,2024-09-24,9.07
Brighton,2024-09-25,7.53
Brighton,2024-09-26,7.86
Brighton,2024-09-27,9.36
Brighton,2024-09-28,9.24
Brighton,2024-09-29,4.35
Brighton,2024-09-30,9.34
Brighton,2024-10-01,8.43
Brighton,2024-10-02,10.79
Brighton,2024-10-03,13.09
Brighton,2024-10-04,6.31
Brighton,2024-10-05,6.3
Brighton,2024-10-06,7.88
Brighton,2024-10-07,5.34
Brighton,2024-10-08,4.13
Brighton,2024-10-09,10.12
Brighton,2024-10-10,8.09
Brighton,2024-10-11,9.18
Brighton,2024-10-12,10.49
Brighton,2024-10-13,12.46
Brighton,2024-10-14,8.28
Brighton,2024-10-15,4.8
Brighton,2024-10-16,7.94
Brighton,2024-10-17,7.01
Brighton,2024-10-18,5.18
Brighton,2024-10-19,6.01
Brighton,2024-10-20,5.93
Brighton,2024-10-21,9.51
Brighton,2024-10-22,8.72
Brighton,2024-10-23,10.4
Brighton,2024-10-24,6.15
Brighton,2024-10-25,4.37
Brighton,2024-10-26,7.84
Brighton,2024-10-27,5.86
Brighton,2024-10-28,8.44
Brighton,2024-10-29,8.03
Brighton,2024-10-30,4.13
Brighton,2024-10-31,3.74
Brighton,2024-11-01,4.72
Brighton,2024-11-02,8.62
Brighton,2024-11-03,8.28
Brighton,2024-11-04,8.08
Brighton,2024-11-05,9.55
Brighton,2024-11-06,9.11
Brighton,2024-11-07,6.96
Brighton,2024-11-08,5.45
Brighton,2024-11-09,9.22
Brighton,2024-11-10,7.53
Brighton,2024-11-11,7.95
Brighton,2024-11-12,11.79
Brighton,2024-11-13,8.88
Brighton,2024-11-14,6.03
Brighton,2024-11-15,7.76
Brighton,2024-11-16,10.9
Brighton,2024-11-17,18.49
Brighton,2024-11-18,6.84
Brighton,2024-11-19,5.7
Brighton,2024-11-20,5.47
Brighton,2024-11-21,13.24
Brighton,2024-11-22,10.28
Brighton,2024-11-23,9.09
Brighton,2024-11-24,9.14
Brighton,2024-11-25,8.95
Brighton,2024-11-26,15.08
Brighton,2024-11-27,7.56
Brighton,2024-11-28,7.87
Brighton,2024-11-29,4.86
Brighton,2024-11-30,4.66
Brighton,2024-12-01,4.73
Brighton,2024-12-02,7.36
Brighton,2024-12-03,5.48
Brighton,2024-12-04,9.04
Brighton,2024-12-05,8.57
Brighton,2024-12-06,16.35
Brighton,2024-12-07,7.98
Brighton,2024-12-08,6.78
Brighton,2024-12-09,5.98
Brighton,2024-12-10,5.7
Brighton,2024-12-11,5.93
Brighton,2024-12-12,6.23
Brighton,2024-12-13,4.23
Brighton,2024-12-14,6.57
Brighton,2024-12-15,14.3
Brighton,2024-12-16,10.07
Brighton,2024-12-17,9.91
Brighton,2024-12-18,6.68
Brighton,2024-12-19,8.79
Brighton,2024-12-20,11.07
Brighton,2024-12-21,6.99
Brighton,2024-12-22,6.6
Brighton,2024-12-23,5.12
Brighton,2024-12-24,5.21
Brighton,2024-12-25,5.44
Brighton,2024-12-26,6.55
Brighton,2024-12-27,7.82
Brighton,2024-12-28,4.93
Brighton,2024-12-29,5.59
Brighton,2024-12-30,6.76
Brighton,2024-12-31,4.29
Dandenong,2024-01-01,8.22
Dandenong,2024-01-02,7.75
Dandenong,2024-01-03,6.66
Dandenong,2024-01-04,6.42
Dandenong,2024-01-05,5.42
Dandenong,2024-01-06,5.21
Dandenong,2024-01-07,5.65
Dandenong,2024-01-08,3.72
Dandenong,2024-01-09,6.07
Dandenong,2024-01-10,7.83
Dandenong,2024-01-11,5.57
Dandenong,2024-01-12,8.99
Dandenong,2024-01-13,8.73
Dandenong,2024-01-14,5.87
Dandenong,2024-01-15,5.47
Dandenong,2024-01-16,4.32
Dandenong,2024-01-17,3.67
Dandenong,2024-01-18,5.13
Dandenong,2024-01-19,3.9
Dandenong,2024-01-20,3.21
Dandenong,2024-01-21,6.74
Dandenong,2024-01-22,3.32
Dandenong,2024-01-23,4.67
Dandenong,2024-01-24,6.76
Dandenong,2024-01-25,6.72
Dandenong,2024-01-26,5.18
Dandenong,2024-01-27,4.78
Dandenong,2024-01-28,3.03
Dandenong,2024-01-29,4.6
Dandenong,2024-01-30,6.33
Dandenong,2024-01-31,5.49
Dandenong,2024-02-01,5.86
Dandenong,2024-02-02,8.22
Dandenong,2024-02-03,6.97
Dandenong,2024-02-04,7.03
Dandenong,2024-02-05,6.09
Dandenong,2024-02-06,3.26
Dandenong,2024-02-07,3.61
Dandenong,2024-02-08,5.46
Dandenong,2024-02-09,4.1
Dandenong,2024-02-10,8.53
Dandenong,2024-02-11,6.45
Dandenong,2024-02-12,10.59
Dandenong,2024-02-13,8.73
Dandenong,2024-02-14,4.21
Dandenong,2024-02-15,5.64
Dandenong,2024-02-16,6.34
Dandenong,2024-02-17,7.59
Dandenong,2024-02-18,1.29
Dandenong,2024-02-19,3.35
Dandenong,2024-02-20,7.04
Dandenong,2024-02-21,5.74
Dandenong,2024-02-22,6.5
Dandenong,2024-02-23,7.26
Dandenong,2024-02-24,10.32
Dandenong,2024-02-25,12.51
Dandenong,2024-02-26,5.44
Dandenong,2024-02-27,8.66
Dandenong,2024-02-28,10.94
Dandenong,2024-02-29,8.11
Dandenong,2024-03-01,4.67
Dandenong,2024-03-02,6.48
Dandenong,2024-03-03,7.14
Dandenong,2024-03-04,8.91
Dandenong,2024-03-05,8.33
Dandenong,2024-03-06,10.32
Dandenong,2024-03-07,6.48
Dandenong,2024-03-08,12.45
Dandenong,2024-03-09,9.61
Dandenong,2024-03-10,7.9
Dandenong,2024-03-11,9.02
Dandenong,2024-03-12,7.73
Dandenong,2024-03-13,7.95
Dandenong,2024-03-14,6.8
Dandenong,2024-03-15,5.65
Dandenong,2024-03-16,3.75
Dandenong,2024-03-17,5.92
Dandenong,2024-03-18,11.49
Dandenong,2024-03-19,7.62
Dandenong,2024-03-20,3.16
Dandenong,2024-03-21,5.05
Dandenong,2024-03-22,5.54
Dandenong,2024-03-23,4.26
Dandenong,2024-03-24,4.24
Dandenong,2024-03-25,2.86
Dandenong,2024-03-26,5.24
Dandenong,2024-03-27,3.3
Dandenong,2024-03-28,3.6
Dandenong,2024-03-29,16.71
Dandenong,2024-03-30,28.31
Dandenong,2024-03-31,30.01
Dandenong,2024-04-01,9.51
Dandenong,2024-04-02,2.87
Dandenong,2024-04-03,3.73
Dandenong,2024-04-04,5.1
Dandenong,2024-04-05,6.06
Dandenong,2024-04-06,3.52
Dandenong,2024-04-07,3.51
Dandenong,2024-04-08,2.76
Dandenong,2024-04-09,2.82
Dandenong,2024-04-10,2.01
Dandenong,2024-04-11,2.09
Dandenong,2024-04-12,3.16
Dandenong,2024-04-13,2.72
Dandenong,2024-04-14,5.93
Dandenong,2024-04-15,6.06
Dandenong,2024-04-16,5.52
Dandenong,2024-04-17,4.25
Dandenong,2024-04-18,2.21
Dandenong,2024-04-19,3.08
Dandenong,2024-04-20,5.09
Dandenong,2024-04-21,8.28
Dandenong,2024-04-22,16.98
Dandenong,2024-04-23,16.18
Dandenong,2024-04-24,4.01
Dandenong,2024-04-25,2.55
Dandenong,2024-04-26,2.74
Dandenong,2024-04-27,3.77
Dandenong,2024-04-28,11.78
Dandenong,2024-04-29,7.1
Dandenong,2024-04-30,4.31
Dandenong,2024-05-01,6.37
Dandenong,2024-05-02,6.96
Dandenong,2024-05-03,8.91
Dandenong,2024-05-04,14.27
Dandenong,2024-05-05,13.95
Dandenong,2024-05-06,5.62
Dandenong,2024-05-07,12.35
Dandenong,2024-05-08,16.48
Dandenong,2024-05-09,23.05
Dandenong,2024-05-10,10.15
Dandenong,2024-05-11,2.83
Dandenong,2024-05-12,9.36
Dandenong,2024-05-13,9.43
Dandenong,2024-05-14,6.16
Dandenong,2024-05-15,9.0
Dandenong,2024-05-16,11.06
Dandenong,2024-05-17,7.63
Dandenong,2024-05-18,8.52
Dandenong,2024-05-19,8.35
Dandenong,2024-05-20,2.99
Dandenong,2024-05-21,8.49
Dandenong,2024-05-22,10.38
Dandenong,2024-05-23,9.14
Dandenong,2024-05-24,11.18
Dandenong,2024-05-25,17.03
Dandenong,2024-05-26,19.82
Dandenong,2024-05-27,8.74
Dandenong,2024-05-28,6.19
Dandenong,2024-05-29,8.24
Dandenong,2024-05-30,4.39
Dandenong,2024-05-31,4.02
Dandenong,2024-06-01,4.44
Dandenong,2024-06-02,6.72
Dandenong,2024-06-03,2.52
Dandenong,2024-06-04,4.05
Dandenong,2024-06-05,7.28
Dandenong,2024-06-06,8.74
Dandenong,2024-06-07,4.73
Dandenong,2024-06-08,4.87
Dandenong,2024-06-09,5.68
Dandenong,2024-06-10,4.51
Dandenong,2024-06-11,2.02
Dandenong,2024-06-12,4.37
Dandenong,2024-06-13,6.04
Dandenong,2024-06-14,10.58
Dandenong,2024-06-15,4.33
Dandenong,2024-06-16,7.46
Dandenong,2024-06-17,8.06
Dandenong,2024-06-18,10.79
Dandenong,2024-06-19,10.39
Dandenong,2024-06-20,9.88
Dandenong,2024-06-21,12.04
Dandenong,2024-06-22,8.04
Dandenong,2024-06-23,8.64
Dandenong,2024-06-24,4.9
Dandenong,2024-06-25,1.69
Dandenong,2024-06-26,1.97
Dandenong,2024-06-27,2.95
Dandenong,2024-06-28,2.49
Dandenong,2024-06-29,2.85
Dandenong,2024-06-30,3.8
Dandenong,2024-07-01,7.21
Dandenong,2024-07-02,8.89
Dandenong,2024-07-03,12.33
Dandenong,2024-07-04,11.64
Dandenong,2024-07-05,9.19
Dandenong,2024-07-06,12.21
Dandenong,2024-07-07,11.46
Dandenong,2024-07-08,10.08
Dandenong,2024-07-09,5.71
Dandenong,2024-07-10,3.19
Dandenong,2024-07-11,1.78
Dandenong,2024-07-12,3.17
Dandenong,2024-07-13,4.66
Dandenong,2024-07-14,3.01
Dandenong,2024-07-15,1.94
Dandenong,2024-07-16,3.3
Dandenong,2024-07-17,5.14
Dandenong,2024-07-18,4.16
Dandenong,2024-07-19,1.48
Dandenong,2024-07-20,1.2
Dandenong,2024-07-21,5.11
Dandenong,2024-07-22,4.11
Dandenong,2024-07-23,2.47
Dandenong,2024-07-24,1.85
Dandenong,2024-07-25,2.52
Dandenong,2024-07-26,1.92
Dandenong,2024-07-27,2.1
Dandenong,2024-07-28,3.91
Dandenong,2024-07-29,5.95
Dandenong,2024-07-30,9.86
Dandenong,2024-07-31,20.1
Dandenong,2024-08-01,15.89
Dandenong,2024-08-02,6.77
Dandenong,2024-08-03,8.01
Dandenong,2024-08-04,13.53
Dandenong,2024-08-05,10.05
Dandenong,2024-08-06,4.64
Dandenong,2024-08-07,4.52
Dandenong,2024-08-08,2.35
Dandenong,2024-08-09,6.03
Dandenong,2024-08-10,8.49
Dandenong,2024-08-11,14.29
Dandenong,2024-08-12,10.99
Dandenong,2024-08-13,5.38
Dandenong,2024-08-14,4.28
Dandenong,2024-08-15,5.32
Dandenong,2024-08-16,2.63
Dandenong,2024-08-17,3.11
Dandenong,2024-08-18,5.99
Dandenong,2024-08-19,9.53
Dandenong,2024-08-20,3.95
Dandenong,2024-08-21,3.79
Dandenong,2024-08-22,3.87
Dandenong,2024-08-23,3.69
Dandenong,2024-08-24,3.34
Dandenong,2024-08-25,4.35
Dandenong,2024-08-26,2.95
Dandenong,2024-08-27,2.06
Dandenong,2024-08-28,6.68
Dandenong,2024-08-29,8.39
Dandenong,2024-08-30,5.67
Dandenong,2024-08-31,3.54
Dandenong,2024-09-01,2.6
Dandenong,2024-09-02,6.57
Dandenong,2024-09-03,10.12
Dandenong,2024-09-04,6.02
Dandenong,2024-09-05,4.54
Dandenong,2024-09-06,6.21
Dandenong,2024-09-07,4.24
Dandenong,2024-09-08,2.11
Dandenong,2024-09-09,3.18
Dandenong,2024-09-10,5.05
Dandenong,2024-09-11,4.96
Dandenong,2024-09-12,5.59
Dandenong,2024-09-13,3.41
Dandenong,2024-09-14,3.54
Dandenong,2024-09-15,3.58
Dandenong,2024-09-16,3.02
Dandenong,2024-09-17,3.57
Dandenong,2024-09-18,3.95
Dandenong,2024-09-19,2.07
Dandenong,2024-09-20,3.96
Dandenong,2024-09-21,2.94
Dandenong,2024-09-22,1.95
Dandenong,2024-09-23,2.55
Dandenong,2024-09-24,6.96
Dandenong,2024-09-25,8.03
Dandenong,2024-09-26,6.91
Dandenong,2024-09-27,6.91
Dandenong,2024-09-28,7.49
Dandenong,2024-09-29,3.85
Dandenong,2024-09-30,6.49
Dandenong,2024-10-01,7.63
Dandenong,2024-10-02,9.44
Dandenong,2024-10-03,10.12
Dandenong,2024-10-04,5.67
Dandenong,2024-10-05,4.01
Dandenong,2024-10-06,4.8
Dandenong,2024-10-07,4.58
Dandenong,2024-10-08,5.8
Dandenong,2024-10-09,6.95
Dandenong,2024-10-10,6.25
Dandenong,2024-10-11,6.47
Dandenong,2024-10-12,9.69
Dandenong,2024-10-13,6.49
Dandenong,2024-10-14,6.77
Dandenong,2024-10-15,6.61
Dandenong,2024-10-16,3.27
Dandenong,2024-10-17,4.86
Dandenong,2024-10-18,4.31
Dandenong,2024-10-19,3.78
Dandenong,2024-10-20,3.37
Dandenong,2024-10-21,6.07
Dandenong,2024-10-22,6.99
Dandenong,2024-10-23,8.82
Dandenong,2024-10-24,4.77
Dandenong,2024-10-25,3.48
Dandenong,2024-10-26,4.08
Dandenong,2024-10-27,4.37
Dandenong,2024-10-28,6.98
Dandenong,2024-10-29,6.76
Dandenong,2024-10-30,2.22
Dandenong,2024-10-31,2.89
Dandenong,2024-11-01,3.99
Dandenong,2024-11-02,4.74
Dandenong,2024-11-03,7.23
Dandenong,2024-11-04,5.45
Dandenong,2024-11-05,6.53
Dandenong,2024-11-06,6.01
Dandenong,2024-11-07,4.96
Dandenong,2024-11-08,4.24
Dandenong,2024-11-09,6.81
Dandenong,2024-11-10,6.45
Dandenong,2024-11-11,5.65
Dandenong,2024-11-12,8.18
Dandenong,2024-11-13,7.92
Dandenong,2024-11-14,5.89
Dandenong,2024-11-15,6.47
Dandenong,2024-11-16,5.66
Dandenong,2024-11-17,13.54
Dandenong,2024-11-18,4.3
Dandenong,2024-11-19,3.98
Dandenong,2024-11-20,4.95
Dandenong,2024-11-21,8.23
Dandenong,2024-11-22,9.09
Dandenong,2024-11-23,9.89
Dandenong,2024-11-24,6.58
Dandenong,2024-11-25,11.9
Dandenong,2024-11-26,9.94
Dandenong,2024-11-27,5.57
Dandenong,2024-11-28,5.75
Dandenong,2024-11-29,3.98
Dandenong,2024-11-30,2.41
Dandenong,2024-12-01,2.51
Dandenong,2024-12-02,4.45
Dandenong,2024-12-03,4.65
Dandenong,2024-12-04,8.44
Dandenong,2024-12-09,5.82
Dandenong,2024-12-10,5.0
Dandenong,2024-12-11,5.12
Dandenong,2024-12-12,3.95
Dandenong,2024-12-13,3.11
Dandenong,2024-12-14,6.16
Dandenong,2024-12-15,9.03
Dandenong,2024-12-16,10.86
Dandenong,2024-12-17,8.06
Dandenong,2024-12-18,7.54
Dandenong,2024-12-19,7.3
Dandenong,2024-12-20,9.04
Dandenong,2024-12-21,6.29
Dandenong,2024-12-22,4.92
Dandenong,2024-12-23,4.73
Dandenong,2024-12-24,2.49
Dandenong,2024-12-25,4.13
Dandenong,2024-12-26,6.61
Dandenong,2024-12-27,4.9
Dandenong,2024-12-28,4.25
Dandenong,2024-12-29,4.83
Dandenong,2024-12-30,4.82
Dandenong,2024-12-31,3.79
Geelong South,2024-01-01,6.92
Geelong South,2024-01-02,6.51
Geelong South,2024-01-03,6.35
Geelong South,2024-01-04,5.76
Geelong South,2024-01-05,5.87
Geelong South,2024-01-06,6.58
Geelong South,2024-01-07,4.71
Geelong South,2024-01-08,3.66
Geelong South,2024-01-09,6.48
Geelong South,2024-01-10,5.33
Geelong South,2024-01-11,2.98
Geelong South,2024-01-12,8.81
Geelong South,2024-01-13,7.86
Geelong South,2024-01-14,6.31
Geelong South,2024-01-15,4.67
Geelong South,2024-01-16,4.07
Geelong South,2024-01-17,3.44
Geelong South,2024-01-18,5.29
Geelong South,2024-01-19,4.12
Geelong South,2024-01-20,4.75
Geelong South,2024-01-21,4.45
Geelong South,2024-01-22,2.85
Geelong South,2024-01-23,5.98
Geelong South,2024-01-24,5.56
Geelong South,2024-01-25,4.98
Geelong South,2024-01-26,4.46
Geelong South,2024-01-27,4.28
Geelong South,2024-01-28,2.57
Geelong South,2024-01-29,2.6
Geelong South,2024-01-30,5.08
Geelong South,2024-01-31,4.59
Geelong South,2024-02-01,4.5
Geelong South,2024-02-02,7.18
Geelong South,2024-02-03,7.29
Geelong South,2024-02-04,8.37
Geelong South,2024-02-05,4.8
Geelong South,2024-02-06,2.31
Geelong South,2024-02-07,4.51
Geelong South,2024-06-04,5.23
Geelong South,2024-06-05,4.97
Geelong South,2024-06-06,3.9
Geelong South,2024-06-07,1.73
Geelong South,2024-06-08,3.56
Geelong South,2024-06-09,3.53
Geelong South,2024-06-10,3.18
Geelong South,2024-06-11,1.39
Geelong South,2024-06-12,5.0
Geelong South,2024-06-13,3.2
Geelong South,2024-06-14,7.31
Geelong South,2024-06-15,2.41
Geelong South,2024-06-16,3.94
Geelong South,2024-06-17,6.25
Geelong South,2024-06-18,5.56
Geelong South,2024-06-19,10.92
Geelong South,2024-06-20,11.78
Geelong South,2024-06-21,7.02
Geelong South,2024-06-22,4.71
Geelong South,2024-06-23,9.16
Geelong South,2024-06-24,11.38
Geelong South,2024-06-25,3.26
Geelong South,2024-06-26,2.5
Geelong South,2024-06-27,4.54
Geelong South,2024-06-28,5.41
Geelong South,2024-06-29,1.5
Geelong South,2024-06-30,3.43
Geelong South,2024-07-01,3.38
Geelong South,2024-07-02,3.71
Geelong South,2024-07-03,11.83
Geelong South,2024-07-04,8.11
Geelong South,2024-07-05,2.19
Geelong South,2024-07-06,11.02
Geelong South,2024-07-07,14.7
Geelong South,2024-07-08,10.43
Geelong South,2024-07-09,4.34
Geelong South,2024-07-10,4.38
Geelong South,2024-07-11,2.4
Geelong South,2024-07-12,4.65
Geelong South,2024-07-13,2.61
Geelong South,2024-07-14,2.12
Geelong South,2024-07-15,1.54
Geelong South,2024-07-16,4.68
Geelong South,2024-07-17,4.01
Geelong South,2024-07-18,4.19
Geelong South,2024-07-19,3.39
Geelong South,2024-07-20,2.54
Geelong South,2024-07-21,5.02
Geelong South,2024-07-22,4.31
Geelong South,2024-07-23,4.55
Geelong South,2024-07-24,4.13
Geelong South,2024-07-25,3.67
Geelong South,2024-07-26,4.54
Geelong South,2024-07-27,2.5
Geelong South,2024-07-28,2.26
Geelong South,2024-07-29,3.45
Geelong South,2024-07-30,8.41
Geelong South,2024-07-31,10.51
Geelong South,2024-08-01,15.73
Geelong South,2024-08-02,12.11
Geelong South,2024-08-03,7.29
Geelong South,2024-08-04,7.25
Geelong South,2024-08-05,8.65
Geelong South,2024-08-06,4.23
Geelong South,2024-08-07,3.93
Geelong South,2024-08-08,3.68
Geelong South,2024-08-09,5.79
Geelong South,2024-08-10,7.43
Geelong South,2024-08-11,9.8
Geelong South,2024-08-12,10.02
Geelong South,2024-08-13,7.56
Geelong South,2024-08-14,5.27
Geelong South,2024-08-15,6.77
Geelong South,2024-08-16,3.2
Geelong South,2024-08-17,2.78
Geelong South,2024-08-18,5.61
Geelong South,2024-08-19,9.33
Geelong South,2024-08-20,2.93
Geelong South,2024-08-21,1.54
Geelong South,2024-08-22,3.82
Geelong South,2024-08-23,3.18
Geelong South,2024-08-24,3.86
Geelong South,2024-08-25,2.71
Geelong South,2024-08-26,2.76
Geelong South,2024-08-27,4.32
Geelong South,2024-08-28,6.08
Geelong South,2024-08-29,6.05
Geelong South,2024-08-30,6.2
Geelong South,2024-08-31,5.92
Geelong South,2024-09-01,1.94
Geelong South,2024-09-02,5.72
Geelong South,2024-09-03,7.74
Geelong South,2024-09-04,4.87
Geelong South,2024-09-05,3.21
Geelong South,2024-09-06,5.46
Geelong South,2024-09-07,1.7
Geelong South,2024-09-08,1.64
Geelong South,2024-09-09,3.55
Geelong South,2024-09-10,3.75
Geelong South,2024-09-11,4.84
Geelong South,2024-09-12,2.22
Geelong South,2024-09-13,2.12
Geelong South,2024-09-14,1.61
Geelong South,2024-09-15,2.43
Geelong South,2024-09-16,1.89
Geelong South,2024-09-17,3.15
Geelong South,2024-09-18,4.53
Geelong South,2024-09-19,2.18
Geelong South,2024-09-20,3.81
Geelong South,2024-09-21,2.5
Geelong South,2024-09-22,1.04
Geelong South,2024-09-23,1.11
Geelong South,2024-09-24,5.37
Geelong South,2024-09-25,4.79
Geelong South,2024-09-26,4.23
Geelong South,2024-09-27,3.49
Geelong South,2024-09-28,5.11
Geelong South,2024-09-29,2.96
Geelong South,2024-09-30,5.3
Geelong South,2024-10-01,3.69
Geelong South,2024-10-02,7.38
Geelong South,2024-10-03,9.29
Geelong South,2024-10-04,5.94
Geelong South,2024-10-05,3.13
Geelong South,2024-10-06,5.46
Geelong South,2024-10-07,4.29
Geelong South,2024-10-08,2.5
Geelong South,2024-10-09,3.07
Geelong South,2024-10-10,6.84
Geelong South,2024-10-11,5.54
Geelong South,2024-10-12,6.92
Geelong South,2024-10-13,6.01
Geelong South,2024-10-14,6.74
Geelong South,2024-10-15,5.56
Geelong South,2024-10-16,4.53
Geelong South,2024-10-17,5.53
Geelong South,2024-10-18,3.55
Geelong South,2024-10-19,3.02
Geelong South,2024-10-20,2.79
Geelong South,2024-10-21,5.44
Geelong South,2024-10-22,6.68
Geelong South,2024-10-23,5.8
Geelong South,2024-10-24,4.0
Geelong South,2024-10-25,1.51
Geelong South,2024-10-26,3.96
Geelong South,2024-10-27,4.79
Geelong South,2024-10-28,5.37
Geelong South,2024-10-29,5.31
Geelong South,2024-10-30,0.71
Geelong South,2024-10-31,1.06
Geelong South,2024-11-01,2.64
Geelong South,2024-11-02,5.4
Geelong South,2024-11-03,6.78
Geelong South,2024-11-04,4.58
Geelong South,2024-11-05,5.39
Geelong South,2024-11-06,6.1
Geelong South,2024-11-07,4.59
Geelong South,2024-11-08,4.46
Geelong South,2024-11-09,5.02
Geelong South,2024-11-10,4.09
Geelong South,2024-11-11,5.73
Geelong South,2024-11-12,5.55
Geelong South,2024-11-13,5.58
Geelong South,2024-11-14,4.56
Geelong South,2024-11-15,3.06
Geelong South,2024-11-16,6.66
Geelong South,2024-11-17,12.68
Geelong South,2024-11-18,4.54
Geelong South,2024-11-19,3.39
Geelong South,2024-11-20,2.7
Geelong South,2024-11-21,10.02
Geelong South,2024-11-22,12.17
Geelong South,2024-11-23,9.37
Geelong South,2024-11-24,7.18
Geelong South,2024-11-25,4.59
Geelong South,2024-11-26,4.64
Geelong South,2024-11-27,4.74
Geelong South,2024-11-28,4.44
Geelong South,2024-11-29,4.42
Geelong South,2024-11-30,2.6
Geelong South,2024-12-01,1.81
Geelong South,2024-12-02,3.82
Geelong South,2024-12-03,3.46
Geelong South,2024-12-04,4.93
Geelong South,2024-12-05,6.05
Geelong South,2024-12-06,7.21
Geelong South,2024-12-07,4.47
Geelong South,2024-12-08,4.01
Geelong South,2024-12-09,3.68
Geelong South,2024-12-10,5.03
Geelong South,2024-12-11,3.94
Geelong South,2024-12-12,3.32
Geelong South,2024-12-13,3.08
Geelong South,2024-12-14,3.32
Geelong South,2024-12-15,8.08
Geelong South,2024-12-16,9.45
Geelong South,2024-12-17,7.08
Geelong South,2024-12-18,5.36
Geelong South,2024-12-19,6.5
Geelong South,2024-12-20,8.17
Geelong South,2024-12-21,4.83
Geelong South,2024-12-22,3.68
Geelong South,2024-12-23,3.56
Geelong South,2024-12-24,3.63
Geelong South,2024-12-25,3.32
Geelong South,2024-12-26,6.52
Geelong South,2024-12-27,3.66
Geelong South,2024-12-28,3.1
Geelong South,2024-12-29,3.85
Geelong South,2024-12-30,3.79
Geelong South,2024-12-31,2.7
Macleod,2024-01-05,8.84
Macleod,2024-05-17,8.88
Macleod,2024-05-26,33.1
Macleod,2024-05-27,3.0
Macleod,2024-05-30,0.81
Macleod,2024-05-31,2.84
Macleod,2024-06-01,4.38
Macleod,2024-06-02,3.76
Macleod,2024-06-03,2.9
Macleod,2024-06-04,2.25
Macleod,2024-06-05,6.81
Macleod,2024-06-06,5.53
Macleod,2024-06-07,2.97
Macleod,2024-06-08,5.07
Macleod,2024-06-09,4.49
Macleod,2024-06-10,2.91
Macleod,2024-06-11,0.97
Macleod,2024-06-12,4.76
Macleod,2024-06-13,4.0
Macleod,2024-06-14,12.24
Macleod,2024-06-15,11.07
Macleod,2024-06-16,6.67
Macleod,2024-06-17,4.27
Macleod,2024-06-18,8.54
Macleod,2024-06-19,8.89
Macleod,2024-06-20,8.78
Macleod,2024-06-21,10.71
Macleod,2024-06-22,5.58
Macleod,2024-06-23,9.27
Macleod,2024-06-24,3.01
Macleod,2024-06-25,0.54
Macleod,2024-06-26,0.23
Macleod,2024-06-27,1.84
Macleod,2024-06-28,0.93
Macleod,2024-06-29,1.79
Macleod,2024-06-30,1.95
Macleod,2024-07-01,4.28
Macleod,2024-07-02,6.14
Macleod,2024-07-03,13.68
Macleod,2024-07-04,19.25
Macleod,2024-07-05,16.64
Macleod,2024-07-06,8.93
Macleod,2024-07-07,7.3
Macleod,2024-07-08,3.83
Macleod,2024-07-09,2.38
Macleod,2024-07-10,1.48
Macleod,2024-07-11,1.2
Macleod,2024-07-12,2.4
Macleod,2024-07-13,2.8
Macleod,2024-07-14,1.57
Macleod,2024-07-15,1.37
Macleod,2024-07-16,3.78
Macleod,2024-07-17,3.86
Macleod,2024-07-18,1.39
Macleod,2024-07-19,0.66
Macleod,2024-07-20,1.75
Macleod,2024-07-21,4.0
Macleod,2024-07-22,2.67
Macleod,2024-07-23,1.96
Macleod,2024-07-24,1.62
Macleod,2024-07-25,1.46
Macleod,2024-07-26,1.24
Macleod,2024-07-27,1.26
Macleod,2024-07-28,1.47
Macleod,2024-07-29,3.38
Macleod,2024-07-30,6.46
Macleod,2024-07-31,19.78
Macleod,2024-08-01,11.71
Macleod,2024-08-02,5.28
Macleod,2024-08-03,4.16
Macleod,2024-08-04,10.98
Macleod,2024-08-05,9.16
Macleod,2024-08-06,1.62
Macleod,2024-08-07,2.91
Macleod,2024-08-08,1.57
Macleod,2024-08-09,2.82
Macleod,2024-08-10,7.73
Macleod,2024-08-11,8.66
Macleod,2024-08-12,4.65
Macleod,2024-08-13,4.72
Macleod,2024-08-14,2.77
Macleod,2024-08-15,2.13
Macleod,2024-08-16,1.75
Macleod,2024-08-17,1.59
Macleod,2024-08-18,6.75
Macleod,2024-08-19,7.04
Macleod,2024-08-20,1.62
Macleod,2024-08-21,1.28
Macleod,2024-08-22,2.28
Macleod,2024-08-23,1.76
Macleod,2024-08-24,2.45
Macleod,2024-08-25,2.12
Macleod,2024-08-26,1.85
Macleod,2024-08-27,1.12
Macleod,2024-08-28,3.85
Macleod,2024-08-29,6.97
Macleod,2024-08-30,4.79
Macleod,2024-08-31,3.73
Macleod,2024-09-01,2.47
Macleod,2024-09-02,5.26
Macleod,2024-09-03,7.81
Macleod,2024-09-04,4.38
Macleod,2024-09-05,3.28
Macleod,2024-09-06,4.63
Macleod,2024-09-07,2.14
Macleod,2024-09-08,1.92
Macleod,2024-09-09,2.25
Macleod,2024-09-10,3.24
Macleod,2024-09-11,6.32
Macleod,2024-09-12,3.61
Macleod,2024-09-13,2.09
Macleod,2024-09-14,2.5
Macleod,2024-09-15,2.42
Macleod,2024-09-16,2.8
Macleod,2024-09-17,2.58
Macleod,2024-09-18,2.44
Macleod,2024-09-19,1.07
Macleod,2024-09-20,2.06
Macleod,2024-09-21,1.24
Macleod,2024-09-22,0.17
Macleod,2024-09-23,1.25
Macleod,2024-09-24,4.18
Macleod,2024-09-25,3.5
Macleod,2024-09-26,4.49
Macleod,2024-09-27,6.27
Macleod,2024-09-28,3.32
Macleod,2024-09-29,1.87
Macleod,2024-09-30,5.04
Macleod,2024-10-01,4.11
Macleod,2024-10-02,7.67
Macleod,2024-10-03,7.58
Macleod,2024-10-04,2.77
Macleod,2024-10-05,2.45
Macleod,2024-10-06,3.45
Macleod,2024-10-07,2.72
Macleod,2024-10-08,2.08
Macleod,2024-10-09,4.11
Macleod,2024-10-10,4.15
Macleod,2024-10-11,5.63
Macleod,2024-10-12,7.7
Macleod,2024-10-13,5.41
Macleod,2024-10-14,5.0
Macleod,2024-10-15,4.04
Macleod,2024-10-16,3.88
Macleod,2024-10-17,3.15
Macleod,2024-10-18,1.0
Macleod,2024-10-19,2.56
Macleod,2024-10-20,4.39
Macleod,2024-10-21,5.64
Macleod,2024-10-22,6.24
Macleod,2024-10-23,7.27
Macleod,2024-10-24,2.8
Macleod,2024-10-25,1.65
Macleod,2024-10-26,3.07
Macleod,2024-10-27,2.4
Macleod,2024-10-28,5.18
Macleod,2024-10-29,5.02
Macleod,2024-10-30,1.71
Macleod,2024-10-31,1.54
Macleod,2024-11-01,2.47
Macleod,2024-11-02,3.22
Macleod,2024-11-03,4.25
Macleod,2024-11-04,4.55
Macleod,2024-11-05,3.99
Macleod,2024-11-06,4.22
Macleod,2024-11-07,4.11
Macleod,2024-11-08,3.08
Macleod,2024-11-09,5.25
Macleod,2024-11-10,4.11
Macleod,2024-11-11,4.42
Macleod,2024-11-12,9.35
Macleod,2024-11-13,5.66
Macleod,2024-11-14,3.52
Macleod,2024-11-15,3.91
Macleod,2024-11-16,5.89
Macleod,2024-11-17,8.36
Macleod,2024-11-18,3.46
Macleod,2024-11-19,2.2
Macleod,2024-11-20,3.27
Macleod,2024-11-21,7.15
Macleod,2024-11-22,8.42
Macleod,2024-11-23,5.03
Macleod,2024-11-24,5.12
Macleod,2024-11-25,6.71
Macleod,2024-11-26,9.13
Macleod,2024-11-27,2.04
Macleod,2024-11-28,4.81
Macleod,2024-11-29,3.56
Macleod,2024-11-30,1.95
Macleod,2024-12-01,1.02
Macleod,2024-12-02,1.94
Macleod,2024-12-03,2.74
Macleod,2024-12-04,5.03
Macleod,2024-12-05,5.67
Macleod,2024-12-06,7.07
Macleod,2024-12-07,4.6
Macleod,2024-12-08,3.72
Macleod,2024-12-09,4.37
Macleod,2024-12-10,3.02
Macleod,2024-12-11,2.65
Macleod,2024-12-12,3.19
Macleod,2024-12-13,2.12
Macleod,2024-12-14,3.62
Macleod,2024-12-15,5.95
Macleod,2024-12-16,7.5
Macleod,2024-12-17,5.79
Macleod,2024-12-18,5.45
Macleod,2024-12-19,4.44
Macleod,2024-12-20,6.72
Macleod,2024-12-21,5.04
Macleod,2024-12-22,3.39
Macleod,2024-12-23,3.22
Macleod,2024-12-24,2.88
Macleod,2024-12-25,2.78
Macleod,2024-12-26,2.11
Macleod,2024-12-27,4.71
Macleod,2024-12-28,2.6
Macleod,2024-12-29,2.69
Macleod,2024-12-30,3.73
Macleod,2024-12-31,2.31
Melbourne CBD,2024-01-01,13.14
Melbourne CBD,2024-01-02,10.08
Melbourne CBD,2024-01-03,9.95
Melbourne CBD,2024-01-04,8.77
Melbourne CBD,2024-01-05,8.07
Melbourne CBD,2024-01-06,6.42
Melbourne CBD,2024-01-07,5.48
Melbourne CBD,2024-01-08,6.28
Melbourne CBD,2024-01-09,8.87
Melbourne CBD,2024-01-10,9.2
Melbourne CBD,2024-01-11,5.39
Melbourne CBD,2024-01-12,11.4
Melbourne CBD,2024-01-13,10.92
Melbourne CBD,2024-01-14,8.49
Melbourne CBD,2024-01-15,6.56
Melbourne CBD,2024-01-16,4.78
Melbourne CBD,2024-01-17,6.18
Melbourne CBD,2024-01-18,6.18
Melbourne CBD,2024-01-19,6.76
Melbourne CBD,2024-01-20,4.31
Melbourne CBD,2024-01-21,8.67
Melbourne CBD,2024-01-22,5.18
Melbourne CBD,2024-01-23,7.04
Melbourne CBD,2024-01-24,8.56
Melbourne CBD,2024-01-25,8.0
Melbourne CBD,2024-01-26,6.84
Melbourne CBD,2024-01-27,8.07
Melbourne CBD,2024-01-28,5.62
Melbourne CBD,2024-01-29,7.71
Melbourne CBD,2024-01-30,7.1
Melbourne CBD,2024-01-31,6.97
Melbourne CBD,2024-02-01,7.1
Melbourne CBD,2024-02-02,9.63
Melbourne CBD,2024-02-03,11.44
Melbourne CBD,2024-02-04,7.82
Melbourne CBD,2024-02-05,8.0
Melbourne CBD,2024-02-06,4.82
Melbourne CBD,2024-02-07,5.43
Melbourne CBD,2024-02-08,6.95
Melbourne CBD,2024-02-09,5.91
Melbourne CBD,2024-02-10,12.64
Melbourne CBD,2024-02-11,6.79
Melbourne CBD,2024-02-12,12.44
Melbourne CBD,2024-02-13,10.22
Melbourne CBD,2024-02-14,7.7
Melbourne CBD,2024-02-15,7.09
Melbourne CBD,2024-02-16,8.94
Melbourne CBD,2024-02-17,9.73
Melbourne CBD,2024-02-18,2.88
Melbourne CBD,2024-02-19,5.83
Melbourne CBD,2024-02-20,10.08
Melbourne CBD,2024-02-21,7.25
Melbourne CBD,2024-02-22,8.2
Melbourne CBD,2024-02-23,10.73
Melbourne CBD,2024-02-24,12.41
Melbourne CBD,2024-02-25,14.2
Melbourne CBD,2024-02-26,6.3
Melbourne CBD,2024-02-27,13.35
Melbourne CBD,2024-02-28,12.05
Melbourne CBD,2024-02-29,10.97
Melbourne CBD,2024-03-01,8.49
Melbourne CBD,2024-03-02,8.94
Melbourne CBD,2024-03-03,9.52
Melbourne CBD,2024-03-04,10.45
Melbourne CBD,2024-03-05,11.33
Melbourne CBD,2024-03-06,13.4
Melbourne CBD,2024-03-07,9.14
Melbourne CBD,2024-03-08,16.56
Melbourne CBD,2024-03-09,13.28
Melbourne CBD,2024-03-10,8.12
Melbourne CBD,2024-03-11,10.16
Melbourne CBD,2024-03-12,9.89
Melbourne CBD,2024-03-13,9.85
Melbourne CBD,2024-03-14,10.1
Melbourne CBD,2024-03-15,7.01
Melbourne CBD,2024-03-16,6.88
Melbourne CBD,2024-03-17,9.1
Melbourne CBD,2024-03-19,7.53
Melbourne CBD,2024-03-20,5.54
Melbourne CBD,2024-03-21,5.96
Melbourne CBD,2024-03-22,7.89
Melbourne CBD,2024-03-23,6.77
Melbourne CBD,2024-03-24,6.32
Melbourne CBD,2024-03-25,4.99
Melbourne CBD,2024-03-26,6.42
Melbourne CBD,2024-03-27,7.19
Melbourne CBD,2024-03-28,4.92
Melbourne CBD,2024-03-29,19.49
Melbourne CBD,2024-03-30,28.82
Melbourne CBD,2024-03-31,31.45
Melbourne CBD,2024-04-01,17.71
Melbourne CBD,2024-04-02,4.08
Melbourne CBD,2024-04-03,5.53
Melbourne CBD,2024-04-04,6.44
Melbourne CBD,2024-04-05,9.04
Melbourne CBD,2024-04-06,6.9
Melbourne CBD,2024-04-07,6.05
Melbourne CBD,2024-04-08,5.67
Melbourne CBD,2024-04-09,5.55
Melbourne CBD,2024-04-10,5.22
Melbourne CBD,2024-04-11,4.86
Melbourne CBD,2024-04-12,4.32
Melbourne CBD,2024-04-13,5.08
Melbourne CBD,2024-04-14,9.83
Melbourne CBD,2024-04-15,9.34
Melbourne CBD,2024-04-16,6.77
Melbourne CBD,2024-04-17,6.89
Melbourne CBD,2024-04-18,4.77
Melbourne CBD,2024-04-19,6.18
Melbourne CBD,2024-04-20,7.6
Melbourne CBD,2024-04-21,9.5
Melbourne CBD,2024-04-22,22.23
Melbourne CBD,2024-04-23,16.46
Melbourne CBD,2024-04-24,5.97
Melbourne CBD,2024-04-25,4.95
Melbourne CBD,2024-04-26,4.69
Melbourne CBD,2024-04-27,5.92
Melbourne CBD,2024-04-28,12.58
Melbourne CBD,2024-04-29,9.25
Melbourne CBD,2024-04-30,5.12
Melbourne CBD,2024-05-01,6.39
Melbourne CBD,2024-05-02,12.92
Melbourne CBD,2024-05-03,16.6
Melbourne CBD,2024-05-04,19.29
Melbourne CBD,2024-05-05,21.02
Melbourne CBD,2024-05-06,7.54
Melbourne CBD,2024-05-07,13.55
Melbourne CBD,2024-05-08,24.86
Melbourne CBD,2024-05-09,27.61
Melbourne CBD,2024-05-10,15.79
Melbourne CBD,2024-05-11,6.29
Melbourne CBD,2024-05-12,12.48
Melbourne CBD,2024-05-13,15.32
Melbourne CBD,2024-05-14,7.53
Melbourne CBD,2024-05-22,8.32
Melbourne CBD,2024-05-23,11.43
Melbourne CBD,2024-05-24,12.17
Melbourne CBD,2024-05-25,15.14
Melbourne CBD,2024-05-26,21.78
Melbourne CBD,2024-05-27,14.14
Melbourne CBD,2024-05-28,9.24
Melbourne CBD,2024-05-29,9.54
Melbourne CBD,2024-05-30,6.61
Melbourne CBD,2024-05-31,4.93
Melbourne CBD,2024-06-01,6.26
Melbourne CBD,2024-06-02,6.3
Melbourne CBD,2024-06-03,7.0
Melbourne CBD,2024-06-04,5.38
Melbourne CBD,2024-06-05,9.79
Melbourne CBD,2024-06-06,9.17
Melbourne CBD,2024-06-07,5.13
Melbourne CBD,2024-06-08,6.03
Melbourne CBD,2024-06-09,5.6
Melbourne CBD,2024-06-10,5.57
Melbourne CBD,2024-06-11,4.48
Melbourne CBD,2024-06-12,7.47
Melbourne CBD,2024-06-13,8.18
Melbourne CBD,2024-06-14,15.7
Melbourne CBD,2024-06-15,15.87
Melbourne CBD,2024-06-16,7.97
Melbourne CBD,2024-06-17,8.61
Melbourne CBD,2024-06-18,10.48
Melbourne CBD,2024-06-19,13.55
Melbourne CBD,2024-06-20,11.7
Melbourne CBD,2024-06-21,13.46
Melbourne CBD,2024-06-22,8.65
Melbourne CBD,2024-06-23,15.04
Melbourne CBD,2024-06-24,7.37
Melbourne CBD,2024-06-25,4.09
Melbourne CBD,2024-06-26,2.29
Melbourne CBD,2024-06-27,3.46
Melbourne CBD,2024-06-28,3.25
Melbourne CBD,2024-06-29,4.85
Melbourne CBD,2024-06-30,4.45
Melbourne CBD,2024-07-01,6.02
Melbourne CBD,2024-07-02,8.06
Melbourne CBD,2024-07-03,20.16
Melbourne CBD,2024-07-04,23.97
Melbourne CBD,2024-07-05,16.47
Melbourne CBD,2024-07-06,11.36
Melbourne CBD,2024-07-07,12.55
Melbourne CBD,2024-07-08,7.19
Melbourne CBD,2024-07-09,7.08
Melbourne CBD,2024-07-10,4.88
Melbourne CBD,2024-07-11,3.03
Melbourne CBD,2024-07-12,8.07
Melbourne CBD,2024-07-13,7.53
Melbourne CBD,2024-07-14,5.58
Melbourne CBD,2024-07-15,4.3
Melbourne CBD,2024-07-16,8.24
Melbourne CBD,2024-07-17,8.96
Melbourne CBD,2024-07-18,6.54
Melbourne CBD,2024-07-19,3.34
Melbourne CBD,2024-07-20,4.2
Melbourne CBD,2024-07-21,5.54
Melbourne CBD,2024-07-22,5.17
Melbourne CBD,2024-07-23,3.95
Melbourne CBD,2024-07-24,3.82
Melbourne CBD,2024-07-25,3.59
Melbourne CBD,2024-07-26,3.71
Melbourne CBD,2024-07-27,3.56
Melbourne CBD,2024-07-28,4.8
Melbourne CBD,2024-07-29,8.05
Melbourne CBD,2024-07-30,8.06
Melbourne CBD,2024-07-31,28.97
Melbourne CBD,2024-08-01,18.95
Melbourne CBD,2024-08-02,7.64
Melbourne CBD,2024-08-03,11.92
Melbourne CBD,2024-08-04,18.29
Melbourne CBD,2024-08-05,14.69
Melbourne CBD,2024-08-06,5.59
Melbourne CBD,2024-08-07,5.63
Melbourne CBD,2024-08-08,4.66
Melbourne CBD,2024-08-09,6.39
Melbourne CBD,2024-08-10,12.08
Melbourne CBD,2024-08-11,14.36
Melbourne CBD,2024-08-12,9.43
Melbourne CBD,2024-08-13,7.86
Melbourne CBD,2024-08-14,5.91
Melbourne CBD,2024-08-15,4.84
Melbourne CBD,2024-08-16,3.83
Melbourne CBD,2024-08-17,5.02
Melbourne CBD,2024-08-18,7.59
Melbourne CBD,2024-08-19,10.39
Melbourne CBD,2024-08-20,4.56
Melbourne CBD,2024-08-21,4.64
Melbourne CBD,2024-08-22,4.21
Melbourne CBD,2024-08-23,4.0
Melbourne CBD,2024-08-24,5.36
Melbourne CBD,2024-08-25,5.62
Melbourne CBD,2024-08-26,5.08
Melbourne CBD,2024-08-27,3.37
Melbourne CBD,2024-08-28,6.9
Melbourne CBD,2024-08-29,9.28
Melbourne CBD,2024-08-30,7.07
Melbourne CBD,2024-08-31,4.54
Melbourne CBD,2024-09-01,4.28
Melbourne CBD,2024-09-02,6.37
Melbourne CBD,2024-09-03,11.79
Melbourne CBD,2024-09-04,6.69
Melbourne CBD,2024-09-05,5.63
Melbourne CBD,2024-09-06,8.68
Melbourne CBD,2024-09-07,5.05
Melbourne CBD,2024-09-08,3.2
Melbourne CBD,2024-09-09,5.39
Melbourne CBD,2024-09-10,6.54
Melbourne CBD,2024-09-11,9.71
Melbourne CBD,2024-09-12,6.55
Melbourne CBD,2024-09-13,5.97
Melbourne CBD,2024-09-14,6.22
Melbourne CBD,2024-09-15,5.6
Melbourne CBD,2024-09-16,5.31
Melbourne CBD,2024-09-17,5.36
Melbourne CBD,2024-09-18,6.1
Melbourne CBD,2024-09-19,4.79
Melbourne CBD,2024-09-20,4.92
Melbourne CBD,2024-09-21,4.98
Melbourne CBD,2024-09-22,3.01
Melbourne CBD,2024-09-23,3.92
Melbourne CBD,2024-09-24,7.79
Melbourne CBD,2024-09-25,8.42
Melbourne CBD,2024-09-26,7.35
Melbourne CBD,2024-09-27,8.7
Melbourne CBD,2024-09-28,7.35
Melbourne CBD,2024-09-29,5.24
Melbourne CBD,2024-09-30,8.68
Melbourne CBD,2024-10-01,7.58
Melbourne CBD,2024-10-02,11.43
Melbourne CBD,2024-10-03,10.23
Melbourne CBD,2024-10-04,6.04
Melbourne CBD,2024-10-05,5.17
Melbourne CBD,2024-10-06,6.45
Melbourne CBD,2024-10-07,7.15
Melbourne CBD,2024-10-08,4.94
Melbourne CBD,2024-10-09,6.95
Melbourne CBD,2024-10-10,8.27
Melbourne CBD,2024-10-11,9.77
Melbourne CBD,2024-10-12,9.62
Melbourne CBD,2024-10-13,7.8
Melbourne CBD,2024-10-14,12.59
Melbourne CBD,2024-10-15,9.04
Melbourne CBD,2024-10-16,6.83
Melbourne CBD,2024-10-17,6.79
Melbourne CBD,2024-10-18,5.63
Melbourne CBD,2024-10-19,6.0
Melbourne CBD,2024-10-20,6.43
Melbourne CBD,2024-10-21,10.59
Melbourne CBD,2024-10-22,11.49
Melbourne CBD,2024-10-23,10.31
Melbourne CBD,2024-10-24,7.04
Melbourne CBD,2024-10-25,13.14
Melbourne CBD,2024-10-26,5.17
Melbourne CBD,2024-10-27,6.16
Melbourne CBD,2024-10-28,9.11
Melbourne CBD,2024-10-29,9.99
Melbourne CBD,2024-10-30,7.84
Melbourne CBD,2024-10-31,4.93
Melbourne CBD,2024-11-01,6.24
Melbourne CBD,2024-11-02,6.0
Melbourne CBD,2024-11-03,8.63
Melbourne CBD,2024-11-04,9.39
Melbourne CBD,2024-11-05,9.12
Melbourne CBD,2024-11-06,9.06
Melbourne CBD,2024-11-07,6.7
Melbourne CBD,2024-11-08,7.27
Melbourne CBD,2024-11-09,8.96
Melbourne CBD,2024-11-10,7.52
Melbourne CBD,2024-11-11,8.35
Melbourne CBD,2024-11-12,11.99
Melbourne CBD,2024-11-13,12.78
Melbourne CBD,2024-11-14,7.53
Melbourne CBD,2024-11-15,8.24
Melbourne CBD,2024-11-16,9.59
Melbourne CBD,2024-11-17,13.8
Melbourne CBD,2024-11-18,7.34
Melbourne CBD,2024-11-19,5.54
Melbourne CBD,2024-11-20,5.58
Melbourne CBD,2024-11-21,13.07
Melbourne CBD,2024-11-22,12.42
Melbourne CBD,2024-11-23,9.52
Melbourne CBD,2024-11-24,8.51
Melbourne CBD,2024-11-25,10.78
Melbourne CBD,2024-11-26,14.51
Melbourne CBD,2024-11-27,6.95
Melbourne CBD,2024-11-28,8.26
Melbourne CBD,2024-11-29,5.24
Melbourne CBD,2024-11-30,3.93
Melbourne CBD,2024-12-01,3.17
Melbourne CBD,2024-12-02,5.75
Melbourne CBD,2024-12-03,6.1
Melbourne CBD,2024-12-04,8.21
Melbourne CBD,2024-12-05,8.49
Melbourne CBD,2024-12-06,10.71
Melbourne CBD,2024-12-07,9.57
Melbourne CBD,2024-12-08,6.55
Melbourne CBD,2024-12-09,7.95
Melbourne CBD,2024-12-10,5.58
Melbourne CBD,2024-12-11,6.44
Melbourne CBD,2024-12-12,6.42
Melbourne CBD,2024-12-13,4.25
Melbourne CBD,2024-12-14,7.32
Melbourne CBD,2024-12-15,13.48
Melbourne CBD,2024-12-16,11.51
Melbourne CBD,2024-12-17,9.66
Melbourne CBD,2024-12-18,8.71
Melbourne CBD,2024-12-19,8.32
Melbourne CBD,2024-12-20,11.52
Melbourne CBD,2024-12-21,8.89
Melbourne CBD,2024-12-22,6.72
Melbourne CBD,2024-12-23,6.18
Melbourne CBD,2024-12-24,6.27
Melbourne CBD,2024-12-25,5.41
Melbourne CBD,2024-12-26,7.08
Melbourne CBD,2024-12-27,6.78
Melbourne CBD,2024-12-28,6.39
Melbourne CBD,2024-12-29,6.43
Melbourne CBD,2024-12-30,6.42
Melbourne CBD,2024-12-31,6.98
Melton,2024-01-01,8.49
Melton,2024-01-02,7.33
Melton,2024-01-03,7.21
Melton,2024-01-04,6.02
Melton,2024-01-05,6.03
Melton,2024-01-06,5.58
Melton,2024-01-07,3.08
Melton,2024-01-08,1.81
Melton,2024-01-09,6.97
Melton,2024-01-10,5.86
Melton,2024-01-11,3.34
Melton,2024-01-12,6.41
Melton,2024-01-13,7.13
Melton,2024-01-14,6.29
Melton,2024-01-15,5.38
Melton,2024-01-16,3.67
Melton,2024-01-17,1.88
Melton,2024-01-18,3.16
Melton,2024-01-19,3.29
Melton,2024-01-20,4.9
Melton,2024-01-21,4.6
Melton,2024-01-22,3.23
Melton,2024-01-23,5.36
Melton,2024-01-24,5.96
Melton,2024-01-25,5.36
Melton,2024-01-26,3.91
Melton,2024-01-27,4.45
Melton,2024-01-28,3.61
Melton,2024-01-29,3.41
Melton,2024-01-30,6.17
Melton,2024-01-31,3.3
Melton,2024-02-01,5.57
Melton,2024-02-02,6.05
Melton,2024-02-03,6.76
Melton,2024-02-04,6.37
Melton,2024-02-05,4.41
Melton,2024-02-06,-0.11
Melton,2024-02-08,6.8
Melton,2024-02-09,4.57
Melton,2024-02-10,7.21
Melton,2024-02-11,5.64
Melton,2024-02-12,8.69
Melton,2024-02-13,8.78
Melton,2024-02-14,3.66
Melton,2024-02-15,4.44
Melton,2024-02-16,6.73
Melton,2024-02-17,6.27
Melton,2024-02-18,2.05
Melton,2024-02-19,2.96
Melton,2024-02-20,7.77
Melton,2024-02-21,6.05
Melton,2024-02-22,5.37
Melton,2024-02-23,6.34
Melton,2024-02-24,8.82
Melton,2024-02-25,14.35
Melton,2024-02-26,3.8
Melton,2024-02-27,9.15
Melton,2024-02-28,12.28
Melton,2024-02-29,5.02
Melton,2024-03-01,4.03
Melton,2024-03-02,4.99
Melton,2024-03-03,6.13
Melton,2024-03-04,8.37
Melton,2024-03-05,5.97
Melton,2024-03-06,6.28
Melton,2024-03-07,5.06
Melton,2024-03-08,12.99
Melton,2024-03-09,10.66
Melton,2024-03-10,4.4
Melton,2024-03-11,7.29
Melton,2024-03-12,4.37
Melton,2024-03-13,7.17
Melton,2024-03-14,4.35
Melton,2024-03-15,6.63
Melton,2024-03-16,3.79
Melton,2024-03-17,6.01
Melton,2024-03-18,6.37
Melton,2024-03-19,5.3
Melton,2024-03-20,0.87
Melton,2024-03-21,2.85
Melton,2024-03-22,4.74
Melton,2024-03-23,2.94
Melton,2024-03-24,4.41
Melton,2024-03-25,4.01
Melton,2024-03-26,4.64
Melton,2024-03-27,3.83
Melton,2024-03-28,1.9
Melton,2024-03-29,14.33
Melton,2024-03-30,19.58
Melton,2024-03-31,29.23
Melton,2024-04-01,30.01
Melton,2024-04-02,1.34
Melton,2024-04-03,1.26
Melton,2024-04-04,2.94
Melton,2024-04-05,7.38
Melton,2024-04-06,3.85
Melton,2024-04-07,3.08
Melton,2024-04-08,1.26
Melton,2024-04-09,1.07
Melton,2024-04-10,1.36
Melton,2024-04-11,0.44
Melton,2024-04-12,1.08
Melton,2024-04-13,1.6
Melton,2024-04-14,8.32
Melton,2024-04-15,8.33
Melton,2024-04-16,2.0
Melton,2024-04-17,1.87
Melton,2024-04-18,0.41
Melton,2024-04-19,1.08
Melton,2024-04-20,5.07
Melton,2024-04-21,4.74
Melton,2024-04-22,19.56
Melton,2024-04-23,13.78
Melton,2024-04-24,2.88
Melton,2024-04-25,0.9
Melton,2024-04-26,1.38
Melton,2024-04-27,3.54
Melton,2024-04-28,8.74
Melton,2024-04-29,4.57
Melton,2024-04-30,1.53
Melton,2024-05-01,2.2
Melton,2024-05-02,6.67
Melton,2024-05-03,10.87
Melton,2024-05-04,9.68
Melton,2024-05-05,7.48
Melton,2024-05-06,3.19
Melton,2024-05-07,8.2
Melton,2024-05-08,17.88
Melton,2024-05-09,14.59
Melton,2024-05-10,10.89
Melton,2024-05-11,5.45
Melton,2024-05-12,5.65
Melton,2024-05-13,5.29
Melton,2024-05-14,2.81
Melton,2024-05-15,6.5
Melton,2024-05-16,7.09
Melton,2024-05-17,6.68
Melton,2024-05-18,5.64
Melton,2024-05-19,3.69
Melton,2024-05-20,1.73
Melton,2024-05-21,2.53
Melton,2024-05-22,5.15
Melton,2024-05-23,4.46
Melton,2024-05-24,4.58
Melton,2024-05-25,8.2
Melton,2024-05-26,12.43
Melton,2024-05-27,6.61
Melton,2024-05-28,5.94
Melton,2024-05-29,8.87
Melton,2024-05-30,3.34
Melton,2024-05-31,2.31
Melton,2024-06-01,3.66
Melton,2024-06-02,1.98
Melton,2024-06-03,2.76
Melton,2024-06-04,2.86
Melton,2024-06-05,5.5
Melton,2024-06-06,3.61
Melton,2024-06-07,3.3
Melton,2024-06-08,4.71
Melton,2024-06-09,3.57
Melton,2024-06-10,3.22
Melton,2024-06-11,2.94
Melton,2024-06-12,3.29
Melton,2024-06-13,2.14
Melton,2024-06-14,9.77
Melton,2024-06-15,3.54
Melton,2024-06-16,3.12
Melton,2024-06-17,2.88
Melton,2024-06-18,5.64
Melton,2024-06-19,7.56
Melton,2024-06-20,10.52
Melton,2024-06-21,6.56
Melton,2024-06-22,2.39
Melton,2024-06-23,6.75
Melton,2024-06-24,6.6
Melton,2024-06-25,1.49
Melton,2024-06-26,1.88
Melton,2024-06-27,1.7
Melton,2024-06-28,2.48
Melton,2024-06-29,2.22
Melton,2024-06-30,3.1
Melton,2024-07-01,2.53
Melton,2024-07-02,7.96
Melton,2024-07-03,8.17
Melton,2024-07-04,10.42
Melton,2024-07-05,5.45
Melton,2024-07-06,9.74
Melton,2024-07-07,11.4
Melton,2024-07-08,5.99
Melton,2024-07-09,2.57
Melton,2024-07-10,3.14
Melton,2024-07-11,2.62
Melton,2024-07-12,3.29
Melton,2024-07-13,2.49
Melton,2024-07-14,1.31
Melton,2024-07-15,3.21
Melton,2024-07-16,3.64
Melton,2024-07-17,2.73
Melton,2024-07-18,2.34
Melton,2024-07-19,2.69
Melton,2024-07-20,1.75
Melton,2024-07-21,4.7
Melton,2024-07-22,3.54
Melton,2024-07-23,2.65
Melton,2024-07-24,2.34
Melton,2024-07-25,2.52
Melton,2024-07-26,2.7
Melton,2024-07-27,1.61
Melton,2024-07-28,2.84
Melton,2024-07-29,2.44
Melton,2024-07-30,4.62
Melton,2024-07-31,10.68
Melton,2024-08-01,10.99
Melton,2024-08-02,6.99
Melton,2024-08-03,5.38
Melton,2024-08-04,7.08
Melton,2024-08-05,7.28
Melton,2024-08-06,4.21
Melton,2024-08-07,3.11
Melton,2024-08-08,3.26
Melton,2024-08-09,4.48
Melton,2024-08-10,5.51
Melton,2024-08-11,8.02
Melton,2024-08-12,8.38
Melton,2024-08-13,5.91
Melton,2024-08-14,3.41
Melton,2024-08-15,2.64
Melton,2024-08-16,1.35
Melton,2024-08-17,1.76
Melton,2024-08-18,6.36
Melton,2024-08-19,6.88
Melton,2024-08-20,2.67
Melton,2024-08-21,1.39
Melton,2024-08-22,3.04
Melton,2024-08-23,3.14
Melton,2024-08-24,3.96
Melton,2024-08-25,3.29
Melton,2024-08-26,2.14
Melton,2024-08-27,3.09
Melton,2024-08-28,4.69
Melton,2024-08-29,6.94
Melton,2024-08-30,4.73
Melton,2024-08-31,3.16
Melton,2024-09-01,1.65
Melton,2024-09-02,3.58
Melton,2024-09-03,7.42
Melton,2024-09-04,5.9
Melton,2024-09-05,2.68
Melton,2024-09-06,1.81
Melton,2024-09-07,1.7
Melton,2024-09-08,2.26
Melton,2024-09-09,3.47
Melton,2024-09-10,2.37
Melton,2024-09-11,3.64
Melton,2024-09-12,3.64
Melton,2024-09-13,2.48
Melton,2024-09-14,2.1
Melton,2024-09-15,3.08
Melton,2024-09-16,2.76
Melton,2024-09-17,4.1
Melton,2024-09-18,4.3
Melton,2024-09-19,0.97
Melton,2024-09-20,2.87
Melton,2024-09-21,1.56
Melton,2024-09-22,0.98
Melton,2024-09-23,2.01
Melton,2024-09-24,6.29
Melton,2024-09-25,4.59
Melton,2024-09-26,3.98
Melton,2024-09-27,5.49
Melton,2024-09-28,6.31
Melton,2024-09-29,1.86
Melton,2024-09-30,4.01
Melton,2024-10-01,4.55
Melton,2024-10-02,6.82
Melton,2024-10-03,7.35
Melton,2024-10-04,4.97
Melton,2024-10-05,1.62
Melton,2024-10-06,3.77
Melton,2024-10-07,2.98
Melton,2024-10-08,2.47
Melton,2024-10-09,5.6
Melton,2024-10-10,4.64
Melton,2024-10-11,4.75
Melton,2024-10-12,7.52
Melton,2024-10-13,9.91
Melton,2024-10-14,5.4
Melton,2024-10-15,5.73
Melton,2024-10-16,4.62
Melton,2024-10-17,4.7
Melton,2024-10-18,0.99
Melton,2024-10-19,2.14
Melton,2024-10-20,2.14
Melton,2024-10-21,6.59
Melton,2024-10-22,9.32
Melton,2024-10-23,6.28
Melton,2024-10-24,1.47
Melton,2024-10-25,1.94
Melton,2024-10-26,4.73
Melton,2024-10-27,2.88
Melton,2024-10-28,5.65
Melton,2024-10-29,5.99
Melton,2024-10-30,1.51
Melton,2024-10-31,1.0
Melton,2024-11-01,1.6
Melton,2024-11-02,5.44
Melton,2024-11-03,8.02
Melton,2024-11-04,4.64
Melton,2024-11-05,4.81
Melton,2024-11-06,5.74
Melton,2024-11-07,3.34
Melton,2024-11-08,1.87
Melton,2024-11-09,5.52
Melton,2024-11-10,4.35
Melton,2024-11-11,4.55
Melton,2024-11-12,9.4
Melton,2024-11-13,4.82
Melton,2024-11-19,2.7
Melton,2024-11-20,4.08
Melton,2024-11-21,8.16
Melton,2024-11-22,9.83
Melton,2024-11-23,6.13
Melton,2024-11-24,5.94
Melton,2024-11-25,6.9
Melton,2024-11-26,11.8
Melton,2024-11-27,3.57
Melton,2024-11-28,3.5
Melton,2024-11-29,5.62
Melton,2024-11-30,2.79
Melton,2024-12-01,1.61
Melton,2024-12-02,3.2
Melton,2024-12-03,3.25
Melton,2024-12-04,5.98
Melton,2024-12-05,5.49
Melton,2024-12-06,7.24
Melton,2024-12-07,5.04
Melton,2024-12-08,3.75
Melton,2024-12-09,4.58
Melton,2024-12-10,3.94
Melton,2024-12-11,3.59
Melton,2024-12-12,3.4
Melton,2024-12-13,2.11
Melton,2024-12-14,4.96
Melton,2024-12-15,9.64
Melton,2024-12-16,11.34
Melton,2024-12-17,4.67
Melton,2024-12-18,4.61
Melton,2024-12-19,5.89
Melton,2024-12-20,10.33
Melton,2024-12-21,4.81
Melton,2024-12-22,4.2
Melton,2024-12-23,1.78
Melton,2024-12-24,3.73
Melton,2024-12-25,6.53
Melton,2024-12-26,4.71
Melton,2024-12-27,4.45
Melton,2024-12-28,2.84
Melton,2024-12-29,3.49
Melton,2024-12-30,4.52
Melton,2024-12-31,2.87
Traralgon,2024-01-01,8.88
Traralgon,2024-01-02,6.18
Traralgon,2024-01-03,7.5
Traralgon,2024-01-04,5.12
Traralgon,2024-01-05,4.37
Traralgon,2024-01-06,4.51
Traralgon,2024-01-07,6.07
Traralgon,2024-01-08,3.41
Traralgon,2024-01-09,7.4
Traralgon,2024-01-10,7.5
Traralgon,2024-01-11,6.0
Traralgon,2024-01-12,8.19
Traralgon,2024-01-13,8.54
Traralgon,2024-01-14,6.52
Traralgon,2024-01-15,5.61
Traralgon,2024-01-16,5.26
Traralgon,2024-01-17,4.69
Traralgon,2024-01-18,4.74
Traralgon,2024-01-19,2.53
Traralgon,2024-01-20,5.11
Traralgon,2024-01-21,6.24
Traralgon,2024-01-22,5.83
Traralgon,2024-01-23,3.34
Traralgon,2024-01-24,7.16
Traralgon,2024-01-25,6.94
Traralgon,2024-01-26,5.76
Traralgon,2024-01-27,7.05
Traralgon,2024-01-28,3.66
Traralgon,2024-01-29,5.23
Traralgon,2024-01-30,5.48
Traralgon,2024-01-31,5.64
Traralgon,2024-02-01,5.28
Traralgon,2024-02-02,7.77
Traralgon,2024-02-03,8.16
Traralgon,2024-02-04,9.69
Traralgon,2024-02-05,7.16
Traralgon,2024-02-06,3.55
Traralgon,2024-02-07,3.79
Traralgon,2024-02-08,4.73
Traralgon,2024-02-09,4.65
Traralgon,2024-02-10,6.02
Traralgon,2024-02-11,7.06
Traralgon,2024-02-12,7.14
Traralgon,2024-02-13,8.86
Traralgon,2024-02-14,5.48
Traralgon,2024-02-15,4.96
Traralgon,2024-02-16,6.77
Traralgon,2024-02-17,7.31
Traralgon,2024-02-18,2.07
Traralgon,2024-02-19,3.89
Traralgon,2024-02-20,5.95
Traralgon,2024-02-21,8.01
Traralgon,2024-02-22,6.83
Traralgon,2024-02-23,6.73
Traralgon,2024-02-24,9.3
Traralgon,2024-02-25,12.56
Traralgon,2024-02-26,5.78
Traralgon,2024-02-27,6.31
Traralgon,2024-02-28,7.91
Traralgon,2024-02-29,9.69
Traralgon,2024-03-01,5.85
Traralgon,2024-03-02,6.38
Traralgon,2024-03-03,7.61
Traralgon,2024-03-04,7.86
Traralgon,2024-03-05,7.71
Traralgon,2024-03-06,9.59
Traralgon,2024-03-07,8.18
Traralgon,2024-03-08,11.11
Traralgon,2024-03-09,10.99
Traralgon,2024-03-10,8.93
Traralgon,2024-03-11,8.86
Traralgon,2024-03-12,7.36
Traralgon,2024-03-13,7.54
Traralgon,2024-03-14,4.9
Traralgon,2024-03-15,4.19
Traralgon,2024-03-16,4.07
Traralgon,2024-03-17,6.93
Traralgon,2024-03-18,5.34
Traralgon,2024-03-19,6.88
Traralgon,2024-03-20,2.88
Traralgon,2024-03-21,4.74
Traralgon,2024-03-22,6.35
Traralgon,2024-03-23,4.44
Traralgon,2024-03-24,5.15
Traralgon,2024-03-25,4.32
Traralgon,2024-03-26,4.84
Traralgon,2024-03-27,7.15
Traralgon,2024-03-28,7.43
Traralgon,2024-03-29,18.34
Traralgon,2024-03-30,35.6
Traralgon,2024-03-31,21.5
Traralgon,2024-04-01,13.93
Traralgon,2024-04-02,7.2
Traralgon,2024-04-03,5.46
Traralgon,2024-04-04,5.1
Traralgon,2024-04-05,4.78
Traralgon,2024-04-06,4.92
Traralgon,2024-04-07,3.46
Traralgon,2024-04-08,5.59
Traralgon,2024-04-09,2.82
Traralgon,2024-04-10,3.97
Traralgon,2024-04-11,3.08
Traralgon,2024-04-12,3.8
Traralgon,2024-04-13,3.68
Traralgon,2024-04-14,5.64
Traralgon,2024-04-15,6.87
Traralgon,2024-04-16,6.43
Traralgon,2024-04-17,11.78
Traralgon,2024-04-18,4.62
Traralgon,2024-04-19,6.24
Traralgon,2024-04-20,6.63
Traralgon,2024-04-21,5.76
Traralgon,2024-04-22,11.56
Traralgon,2024-04-23,24.62
Traralgon,2024-04-24,5.15
Traralgon,2024-04-25,3.2
Traralgon,2024-04-26,3.66
Traralgon,2024-04-27,8.28
Traralgon,2024-04-28,13.69
Traralgon,2024-04-29,11.01
Traralgon,2024-04-30,8.19
Traralgon,2024-05-01,10.03
Traralgon,2024-05-02,6.17
Traralgon,2024-05-03,7.04
Traralgon,2024-05-04,6.32
Traralgon,2024-05-05,4.38
Traralgon,2024-05-06,4.64
Traralgon,2024-05-07,5.51
Traralgon,2024-05-08,6.26
Traralgon,2024-05-09,5.02
Traralgon,2024-05-10,5.43
Traralgon,2024-05-11,3.45
Traralgon,2024-05-12,4.52
Traralgon,2024-05-13,7.24
Traralgon,2024-05-14,7.49
Traralgon,2024-05-15,10.42
Traralgon,2024-05-16,9.1
Traralgon,2024-05-17,9.31
Traralgon,2024-05-18,11.31
Traralgon,2024-05-19,5.74
Traralgon,2024-05-20,5.92
Traralgon,2024-05-21,9.97
Traralgon,2024-05-22,12.53
Traralgon,2024-05-23,12.28
Traralgon,2024-05-24,10.38
Traralgon,2024-05-25,8.73
Traralgon,2024-05-26,15.01
Traralgon,2024-05-27,15.81
Traralgon,2024-05-28,14.09
Traralgon,2024-05-29,17.86
Traralgon,2024-05-30,15.24
Traralgon,2024-05-31,6.7
Traralgon,2024-06-01,11.42
Traralgon,2024-06-02,8.18
Traralgon,2024-06-03,5.84
Traralgon,2024-06-04,4.74
Traralgon,2024-06-05,10.27
Traralgon,2024-06-06,6.98
Traralgon,2024-06-07,7.81
Traralgon,2024-06-08,8.62
Traralgon,2024-06-09,6.4
Traralgon,2024-06-10,9.83
Traralgon,2024-06-11,4.68
Traralgon,2024-06-12,6.7
Traralgon,2024-06-13,9.79
Traralgon,2024-06-14,6.82
Traralgon,2024-06-15,10.32
Traralgon,2024-06-16,9.9
Traralgon,2024-06-17,11.76
Traralgon,2024-06-18,17.2
Traralgon,2024-06-19,14.89
Traralgon,2024-06-20,21.07
Traralgon,2024-06-21,13.21
Traralgon,2024-06-22,17.41
Traralgon,2024-06-23,17.73
Traralgon,2024-06-24,15.07
Traralgon,2024-06-25,8.31
Traralgon,2024-06-26,8.86
Traralgon,2024-06-27,12.25
Traralgon,2024-06-28,9.01
Traralgon,2024-06-29,6.5
Traralgon,2024-06-30,7.7
Traralgon,2024-07-01,8.98
Traralgon,2024-07-02,13.58
Traralgon,2024-07-03,10.62
Traralgon,2024-07-04,4.93
Traralgon,2024-07-05,4.44
Traralgon,2024-07-06,9.77
Traralgon,2024-07-07,8.13
Traralgon,2024-07-08,14.9
Traralgon,2024-07-09,9.53
Traralgon,2024-07-10,7.31
Traralgon,2024-07-11,10.54
Traralgon,2024-07-12,11.53
Traralgon,2024-07-13,10.01
Traralgon,2024-07-14,6.42
Traralgon,2024-07-15,4.67
Traralgon,2024-07-16,9.47
Traralgon,2024-07-17,7.62
Traralgon,2024-07-18,4.86
Traralgon,2024-07-19,5.96
Traralgon,2024-07-20,3.99
Traralgon,2024-07-21,8.35
Traralgon,2024-07-22,9.51
Traralgon,2024-07-23,11.27
Traralgon,2024-07-24,12.46
Traralgon,2024-07-25,8.74
Traralgon,2024-07-26,7.98
Traralgon,2024-07-27,7.02
Traralgon,2024-07-28,4.96
Traralgon,2024-07-29,7.77
Traralgon,2024-07-30,9.58
Traralgon,2024-07-31,7.98
Traralgon,2024-08-01,7.05
Traralgon,2024-08-02,8.98
Traralgon,2024-08-03,16.11
Traralgon,2024-08-04,13.33
Traralgon,2024-08-05,14.22
Traralgon,2024-08-06,11.97
Traralgon,2024-08-07,6.66
Traralgon,2024-08-08,14.9
Traralgon,2024-08-09,12.29
Traralgon,2024-08-10,13.78
Traralgon,2024-08-11,10.33
Traralgon,2024-08-12,12.56
Traralgon,2024-08-13,13.73
Traralgon,2024-08-14,13.84
Traralgon,2024-08-15,10.87
Traralgon,2024-08-16,13.51
Traralgon,2024-08-17,6.03
Traralgon,2024-08-18,4.99
Traralgon,2024-08-19,6.0
Traralgon,2024-08-20,7.37
Traralgon,2024-08-21,8.0
Traralgon,2024-08-22,8.63
Traralgon,2024-08-23,7.43
Traralgon,2024-08-24,5.57
Traralgon,2024-08-25,4.54
Traralgon,2024-08-26,5.8
Traralgon,2024-08-27,3.73
Traralgon,2024-08-28,7.18
Traralgon,2024-08-29,9.08
Traralgon,2024-08-30,7.11
Traralgon,2024-08-31,4.27
Traralgon,2024-09-01,2.55
Traralgon,2024-09-02,4.73
Traralgon,2024-09-03,9.16
Traralgon,2024-09-04,9.96
Traralgon,2024-09-05,5.6
Traralgon,2024-09-06,7.19
Traralgon,2024-09-07,7.48
Traralgon,2024-09-08,4.99
Traralgon,2024-09-09,4.6
Traralgon,2024-09-10,6.05
Traralgon,2024-09-11,8.32
Traralgon,2024-09-12,6.94
Traralgon,2024-09-13,5.71
Traralgon,2024-09-14,5.85
Traralgon,2024-09-15,7.21
Traralgon,2024-09-16,5.07
Traralgon,2024-09-17,6.01
Traralgon,2024-09-18,8.4
Traralgon,2024-09-19,3.56
Traralgon,2024-09-20,4.84
Traralgon,2024-09-21,5.87
Traralgon,2024-09-22,3.9
Traralgon,2024-09-23,3.91
Traralgon,2024-09-24,5.33
Traralgon,2024-09-25,8.23
Traralgon,2024-09-26,9.49
Traralgon,2024-09-27,8.7
Traralgon,2024-09-28,9.77
Traralgon,2024-09-29,8.84
Traralgon,2024-09-30,7.33
Traralgon,2024-10-01,6.75
Traralgon,2024-10-02,8.84
Traralgon,2024-10-03,8.46
Traralgon,2024-10-04,7.76
Traralgon,2024-10-05,5.37
Traralgon,2024-10-06,6.45
Traralgon,2024-10-07,6.81
Traralgon,2024-10-08,6.42
Traralgon,2024-10-09,4.95
Traralgon,2024-10-10,6.61
Traralgon,2024-10-11,7.77
Traralgon,2024-10-12,10.54
Traralgon,2024-10-13,7.25
Traralgon,2024-10-14,8.09
Traralgon,2024-10-15,7.85
Traralgon,2024-10-16,6.53
Traralgon,2024-10-17,5.12
Traralgon,2024-10-18,5.11
Traralgon,2024-10-19,3.67
Traralgon,2024-10-20,4.84
Traralgon,2024-10-21,3.93
Traralgon,2024-10-22,7.15
Traralgon,2024-10-23,7.89
Traralgon,2024-10-24,4.49
Traralgon,2024-10-25,4.24
Traralgon,2024-10-26,5.03
Traralgon,2024-10-27,4.68
Traralgon,2024-10-28,6.2
Traralgon,2024-10-29,7.12
Traralgon,2024-10-30,3.3
Traralgon,2024-10-31,2.42
Traralgon,2024-11-01,4.81
Traralgon,2024-11-02,6.82
Traralgon,2024-11-03,7.39
Traralgon,2024-11-04,7.24
Traralgon,2024-11-05,6.42
Traralgon,2024-11-06,6.35
Traralgon,2024-11-07,5.43
Traralgon,2024-11-08,5.3
Traralgon,2024-11-09,7.4
Traralgon,2024-11-10,6.11
Traralgon,2024-11-11,5.53
Traralgon,2024-11-12,6.01
Traralgon,2024-11-13,5.41
Traralgon,2024-11-14,6.73
Traralgon,2024-11-15,5.81
Traralgon,2024-11-16,8.88
Traralgon,2024-11-17,7.02
Traralgon,2024-11-18,4.95
Traralgon,2024-11-19,4.77
Traralgon,2024-11-20,8.03
Traralgon,2024-11-21,10.55
Traralgon,2024-11-22,9.17
Traralgon,2024-11-23,10.86
Traralgon,2024-11-24,7.71
Traralgon,2024-11-25,8.49
Traralgon,2024-11-26,8.3
Traralgon,2024-11-27,8.95
Traralgon,2024-11-28,4.24
Traralgon,2024-11-29,3.28
Traralgon,2024-11-30,3.53
Traralgon,2024-12-01,4.59
Traralgon,2024-12-02,6.44
Traralgon,2024-12-03,6.52
Traralgon,2024-12-04,8.23
Traralgon,2024-12-05,8.07
Traralgon,2024-12-06,10.81
Traralgon,2024-12-07,8.83
Traralgon,2024-12-08,6.06
Traralgon,2024-12-09,6.69
Traralgon,2024-12-10,5.08
Traralgon,2024-12-11,5.71
Traralgon,2024-12-12,5.49
Traralgon,2024-12-13,3.23
Traralgon,2024-12-14,5.69
Traralgon,2024-12-15,8.94
Traralgon,2024-12-16,8.89
Traralgon,2024-12-17,7.65
Traralgon,2024-12-18,8.59
Traralgon,2024-12-20,7.71
Traralgon,2024-12-21,10.12
Traralgon,2024-12-22,8.19
Traralgon,2024-12-23,4.73
Traralgon,2024-12-24,5.28
Traralgon,2024-12-25,4.01
Traralgon,2024-12-26,7.18
Traralgon,2024-12-27,5.34
Traralgon,2024-12-28,5.35
Traralgon,2024-12-29,5.31
Traralgon,2024-12-30,5.72
Traralgon,2024-12-31,5.02
